"review_group","review_words","word_count","count_normalise","game"
"Negative reviews","game",4961,0.0353861736426146,"Crusader Kings III"
"Negative reviews","just",1499,0.0106921738138035,"Crusader Kings III"
"Negative reviews","ck2",1368,0.00975776769665326,"Crusader Kings III"
"Negative reviews","like",1302,0.00928699820251648,"Crusader Kings III"
"Negative reviews","can",1009,0.00719706696339411,"Crusader Kings III"
"Negative reviews","get",946,0.00674769608262718,"Crusader Kings III"
"Negative reviews","paradox",855,0.00609860481040829,"Crusader Kings III"
"Negative reviews","play",823,0.00587035293446318,"Crusader Kings III"
"Negative reviews","time",744,0.0053068561157237,"Crusader Kings III"
"Negative reviews","one",720,0.00513566720876487,"Crusader Kings III"
"Negative reviews","even",717,0.00511426859539502,"Crusader Kings III"
"Negative reviews","much",620,0.00442238009643642,"Crusader Kings III"
"Negative reviews","dlc",610,0.00435105138520357,"Crusader Kings III"
"Negative reviews","ck3",604,0.00430825415846386,"Crusader Kings III"
"Negative reviews","really",571,0.00407286941139547,"Crusader Kings III"
"Negative reviews","now",568,0.00405147079802562,"Crusader Kings III"
"Negative reviews","good",538,0.00383748466432709,"Crusader Kings III"
"Negative reviews","new",530,0.00378042169534081,"Crusader Kings III"
"Negative reviews","war",528,0.00376615595309424,"Crusader Kings III"
"Negative reviews","make",522,0.00372335872635453,"Crusader Kings III"
"Negative reviews","hours",513,0.00365916288624497,"Crusader Kings III"
"Negative reviews","way",482,0.00343804388142315,"Crusader Kings III"
"Negative reviews","fun",470,0.00335244942794374,"Crusader Kings III"
"Negative reviews","games",464,0.00330965220120403,"Crusader Kings III"
"Negative reviews","still",441,0.00314559616536848,"Crusader Kings III"
"Negative reviews","ai",434,0.00309566606750549,"Crusader Kings III"
"Negative reviews","playing",424,0.00302433735627265,"Crusader Kings III"
"Negative reviews","also",416,0.00296727438728637,"Crusader Kings III"
"Negative reviews","better",398,0.00283888270706725,"Crusader Kings III"
"Negative reviews","many",390,0.00278181973808097,"Crusader Kings III"
"Negative reviews","years",390,0.00278181973808097,"Crusader Kings III"
"Negative reviews","want",386,0.00275328825358783,"Crusader Kings III"
"Negative reviews","2",382,0.0027247567690947,"Crusader Kings III"
"Negative reviews","every",382,0.0027247567690947,"Crusader Kings III"
"Negative reviews","things",361,0.00257496647550572,"Crusader Kings III"
"Negative reviews","people",353,0.00251790350651944,"Crusader Kings III"
"Negative reviews","lot",339,0.00241804331079346,"Crusader Kings III"
"Negative reviews","system",333,0.00237524608405375,"Crusader Kings III"
"Negative reviews","character",331,0.00236098034180718,"Crusader Kings III"
"Negative reviews","start",324,0.00231105024394419,"Crusader Kings III"
"Negative reviews","first",317,0.0022611201460812,"Crusader Kings III"
"Negative reviews","army",316,0.00225398727495792,"Crusader Kings III"
"Negative reviews","map",315,0.00224685440383463,"Crusader Kings III"
"Negative reviews","content",309,0.00220405717709492,"Crusader Kings III"
"Negative reviews","kings",302,0.00215412707923193,"Crusader Kings III"
"Negative reviews","crusader",298,0.00212559559473879,"Crusader Kings III"
"Negative reviews","well",295,0.00210419698136894,"Crusader Kings III"
"Negative reviews","go",294,0.00209706411024566,"Crusader Kings III"
"Negative reviews","great",290,0.00206853262575252,"Crusader Kings III"
"Negative reviews","played",284,0.00202573539901281,"Crusader Kings III"
"Negative reviews","see",284,0.00202573539901281,"Crusader Kings III"
"Negative reviews","know",276,0.00196867243002653,"Crusader Kings III"
"Negative reviews","buy",271,0.00193300807441011,"Crusader Kings III"
"Negative reviews","recommend",268,0.00191160946104026,"Crusader Kings III"
"Negative reviews","feels",267,0.00190447658991697,"Crusader Kings III"
"Negative reviews","3",266,0.00189734371879369,"Crusader Kings III"
"Negative reviews","mechanics",264,0.00188307797654712,"Crusader Kings III"
"Negative reviews","back",263,0.00187594510542384,"Crusader Kings III"
"Negative reviews","bad",259,0.0018474136209307,"Crusader Kings III"
"Negative reviews","nothing",256,0.00182601500756084,"Crusader Kings III"
"Negative reviews","say",255,0.00181888213643756,"Crusader Kings III"
"Negative reviews","going",252,0.00179748352306771,"Crusader Kings III"
"Negative reviews","ui",246,0.001754686296328,"Crusader Kings III"
"Negative reviews","never",245,0.00174755342520471,"Crusader Kings III"
"Negative reviews","events",244,0.00174042055408143,"Crusader Kings III"
"Negative reviews","without",244,0.00174042055408143,"Crusader Kings III"
"Negative reviews","money",243,0.00173328768295814,"Crusader Kings III"
"Negative reviews","need",239,0.00170475619846501,"Crusader Kings III"
"Negative reviews","something",236,0.00168335758509515,"Crusader Kings III"
"Negative reviews","strategy",236,0.00168335758509515,"Crusader Kings III"
"Negative reviews","think",232,0.00165482610060201,"Crusader Kings III"
"Negative reviews","made",231,0.00164769322947873,"Crusader Kings III"
"Negative reviews","features",230,0.00164056035835545,"Crusader Kings III"
"Negative reviews","give",224,0.00159776313161574,"Crusader Kings III"
"Negative reviews","right",223,0.00159063026049245,"Crusader Kings III"
"Negative reviews","boring",222,0.00158349738936917,"Crusader Kings III"
"Negative reviews","another",221,0.00157636451824588,"Crusader Kings III"
"Negative reviews","seems",219,0.00156209877599932,"Crusader Kings III"
"Negative reviews","player",218,0.00155496590487603,"Crusader Kings III"
"Negative reviews","wait",218,0.00155496590487603,"Crusader Kings III"
"Negative reviews","actually",217,0.00154783303375275,"Crusader Kings III"
"Negative reviews","makes",216,0.00154070016262946,"Crusader Kings III"
"Negative reviews","enough",214,0.00152643442038289,"Crusader Kings III"
"Negative reviews","work",212,0.00151216867813632,"Crusader Kings III"
"Negative reviews","feel",210,0.00149790293588975,"Crusader Kings III"
"Negative reviews","gameplay",209,0.00149077006476647,"Crusader Kings III"
"Negative reviews","instead",207,0.0014765043225199,"Crusader Kings III"
"Negative reviews","little",206,0.00146937145139662,"Crusader Kings III"
"Negative reviews","thing",205,0.00146223858027333,"Crusader Kings III"
"Negative reviews","worth",205,0.00146223858027333,"Crusader Kings III"
"Negative reviews","armies",201,0.00143370709578019,"Crusader Kings III"
"Negative reviews","take",201,0.00143370709578019,"Crusader Kings III"
"Negative reviews","point",200,0.00142657422465691,"Crusader Kings III"
"Negative reviews","least",198,0.00141230848241034,"Crusader Kings III"
"Negative reviews","different",197,0.00140517561128706,"Crusader Kings III"
"Negative reviews","far",196,0.00139804274016377,"Crusader Kings III"
"Negative reviews","find",196,0.00139804274016377,"Crusader Kings III"
"Negative reviews","review",195,0.00139090986904049,"Crusader Kings III"
"Negative reviews","less",194,0.0013837769979172,"Crusader Kings III"
"Negative reviews","everything",192,0.00136951125567063,"Crusader Kings III"
"Positive reviews","game",24887,0.0410389430497474,"Crusader Kings III"
"Positive reviews","ck2",6821,0.0112479057557089,"Crusader Kings III"
"Positive reviews","good",6034,0.00995013389971373,"Crusader Kings III"
"Positive reviews","like",5661,0.00933505270239964,"Crusader Kings III"
"Positive reviews","10",5536,0.00912892629579304,"Crusader Kings III"
"Positive reviews","can",5022,0.00828133451182671,"Crusader Kings III"
"Positive reviews","great",4718,0.00778003509095946,"Crusader Kings III"
"Positive reviews","fun",4269,0.00703962903842856,"Crusader Kings III"
"Positive reviews","get",4074,0.00671807184412226,"Crusader Kings III"
"Positive reviews","play",4006,0.00660593907892827,"Crusader Kings III"
"Positive reviews","just",3987,0.00657460786512407,"Crusader Kings III"
"Positive reviews","paradox",3754,0.00619038824320937,"Crusader Kings III"
"Positive reviews","time",3588,0.00591665237523581,"Crusader Kings III"
"Positive reviews","one",3564,0.00587707610516734,"Crusader Kings III"
"Positive reviews","much",3367,0.00555222088835534,"Crusader Kings III"
"Positive reviews","games",3191,0.00526199490785325,"Crusader Kings III"
"Positive reviews","strategy",2973,0.00490251045473134,"Crusader Kings III"
"Positive reviews","really",2957,0.0048761262746857,"Crusader Kings III"
"Positive reviews","new",2951,0.00486623220716858,"Crusader Kings III"
"Positive reviews","hours",2839,0.00468154294684907,"Crusader Kings III"
"Positive reviews","better",2696,0.00444573433769112,"Crusader Kings III"
"Positive reviews","ck3",2693,0.00444078730393256,"Crusader Kings III"
"Positive reviews","kings",2606,0.00429732332493437,"Crusader Kings III"
"Positive reviews","crusader",2574,0.00424455496484308,"Crusader Kings III"
"Positive reviews","best",2452,0.00404337559199504,"Crusader Kings III"
"Positive reviews","love",2266,0.00373665949896442,"Crusader Kings III"
"Positive reviews","now",2236,0.00368718916137884,"Crusader Kings III"
"Positive reviews","playing",2236,0.00368718916137884,"Crusader Kings III"
"Positive reviews","lot",2235,0.00368554015012598,"Crusader Kings III"
"Positive reviews","even",2230,0.00367729509386172,"Crusader Kings III"
"Positive reviews","still",2187,0.00360638760998905,"Crusader Kings III"
"Positive reviews","dlc",2158,0.00355856628365632,"Crusader Kings III"
"Positive reviews","played",2150,0.0035453741936335,"Crusader Kings III"
"Positive reviews","also",1866,0.0030770549978233,"Crusader Kings III"
"Positive reviews","make",1817,0.00299625344643352,"Crusader Kings III"
"Positive reviews","many",1759,0.00290061079376806,"Crusader Kings III"
"Positive reviews","first",1751,0.00288741870374523,"Crusader Kings III"
"Positive reviews","way",1751,0.00288741870374523,"Crusader Kings III"
"Positive reviews","well",1716,0.00282970330989539,"Crusader Kings III"
"Positive reviews","recommend",1658,0.00273406065722992,"Crusader Kings III"
"Positive reviews","amazing",1512,0.00249330501431342,"Crusader Kings III"
"Positive reviews","things",1493,0.00246197380050921,"Crusader Kings III"
"Positive reviews","far",1445,0.00238282126037228,"Crusader Kings III"
"Positive reviews","character",1433,0.00236303312533805,"Crusader Kings III"
"Positive reviews","war",1429,0.00235643708032664,"Crusader Kings III"
"Positive reviews","king",1405,0.00231686081025817,"Crusader Kings III"
"Positive reviews","2",1373,0.00226409245016688,"Crusader Kings III"
"Positive reviews","years",1331,0.00219483397754706,"Crusader Kings III"
"Positive reviews","ever",1297,0.00213876759495007,"Crusader Kings III"
"Positive reviews","every",1284,0.00211733044866298,"Crusader Kings III"
"Positive reviews","grand",1279,0.00210908539239872,"Crusader Kings III"
"Positive reviews","mechanics",1267,0.00208929725736448,"Crusader Kings III"
"Positive reviews","want",1264,0.00208435022360593,"Crusader Kings III"
"Positive reviews","see",1252,0.00206456208857169,"Crusader Kings III"
"Positive reviews","content",1217,0.00200684669472184,"Crusader Kings III"
"Positive reviews","son",1197,0.00197386646966479,"Crusader Kings III"
"Positive reviews","start",1192,0.00196562141340053,"Crusader Kings III"
"Positive reviews","got",1170,0.00192934316583776,"Crusader Kings III"
"Positive reviews","feel",1158,0.00190955503080353,"Crusader Kings III"
"Positive reviews","pretty",1156,0.00190625700829782,"Crusader Kings III"
"Positive reviews","3",1148,0.001893064918275,"Crusader Kings III"
"Positive reviews","wife",1145,0.00188811788451644,"Crusader Kings III"
"Positive reviews","made",1143,0.00188481986201074,"Crusader Kings III"
"Positive reviews","ui",1124,0.00185348864820654,"Crusader Kings III"
"Positive reviews","say",1116,0.00184029655818371,"Crusader Kings III"
"Positive reviews","think",1100,0.00181391237813807,"Crusader Kings III"
"Positive reviews","worth",1095,0.0018056673218738,"Crusader Kings III"
"Positive reviews","empire",1071,0.00176609105180534,"Crusader Kings III"
"Positive reviews","dynasty",1069,0.00176279302929963,"Crusader Kings III"
"Positive reviews","bit",1068,0.00176114401804678,"Crusader Kings III"
"Positive reviews","go",1050,0.00173146181549543,"Crusader Kings III"
"Positive reviews","never",1049,0.00172981280424258,"Crusader Kings III"
"Positive reviews","family",1040,0.0017149717029669,"Crusader Kings III"
"Positive reviews","everything",1023,0.0016869385116684,"Crusader Kings III"
"Positive reviews","features",1008,0.00166220334287561,"Crusader Kings III"
"Positive reviews","know",1004,0.0016556072978642,"Crusader Kings III"
"Positive reviews","ruler",992,0.00163581916282997,"Crusader Kings III"
"Positive reviews","learning",981,0.00161768003904859,"Crusader Kings III"
"Positive reviews","ck",978,0.00161273300529003,"Crusader Kings III"
"Positive reviews","going",975,0.00160778597153147,"Crusader Kings III"
"Positive reviews","tutorial",972,0.00160283893777291,"Crusader Kings III"
"Positive reviews","yes",971,0.00160118992652006,"Crusader Kings III"
"Positive reviews","kingdom",970,0.00159954091526721,"Crusader Kings III"
"Positive reviews","people",957,0.00157810376898012,"Crusader Kings III"
"Positive reviews","learn",954,0.00157315673522156,"Crusader Kings III"
"Positive reviews","u",945,0.00155831563394589,"Crusader Kings III"
"Positive reviews","need",944,0.00155666662269303,"Crusader Kings III"
"Positive reviews","long",937,0.00154512354392306,"Crusader Kings III"
"Positive reviews","take",937,0.00154512354392306,"Crusader Kings III"
"Positive reviews","easy",930,0.00153358046515309,"Crusader Kings III"
"Positive reviews","though",921,0.00151873936387742,"Crusader Kings III"
"Positive reviews","gameplay",916,0.00151049430761316,"Crusader Kings III"
"Positive reviews","already",915,0.0015088452963603,"Crusader Kings III"
"Positive reviews","nice",912,0.00150389826260174,"Crusader Kings III"
"Positive reviews","wait",902,0.00148740815007322,"Crusader Kings III"
"Positive reviews","experience",900,0.00148411012756751,"Crusader Kings III"
"Positive reviews","buy",899,0.00148246111631466,"Crusader Kings III"
"Positive reviews","different",890,0.00146762001503898,"Crusader Kings III"
"Positive reviews","heir",885,0.00145937495877472,"Crusader Kings III"
"Positive reviews","system",882,0.00145442792501616,"Crusader Kings III"
"Negative reviews","court",872,0.0200330821540158,"Crusader Kings III: Royal Court"
"Negative reviews","dlc",867,0.0199182135636831,"Crusader Kings III: Royal Court"
"Negative reviews","game",795,0.0182641058628929,"Crusader Kings III: Royal Court"
"Negative reviews","price",468,0.0107517000551369,"Crusader Kings III: Royal Court"
"Negative reviews","just",455,0.010453041720272,"Crusader Kings III: Royal Court"
"Negative reviews","like",436,0.0100165410770079,"Crusader Kings III: Royal Court"
"Negative reviews","30",383,0.00879893401948171,"Crusader Kings III: Royal Court"
"Negative reviews","content",377,0.00866109171108252,"Crusader Kings III: Royal Court"
"Negative reviews","worth",352,0.00808674875941922,"Crusader Kings III: Royal Court"
"Negative reviews","get",350,0.00804080132328616,"Crusader Kings III: Royal Court"
"Negative reviews","royal",339,0.00778809042455431,"Crusader Kings III: Royal Court"
"Negative reviews","paradox",314,0.00721374747289101,"Crusader Kings III: Royal Court"
"Negative reviews","even",275,0.00631777246829627,"Crusader Kings III: Royal Court"
"Negative reviews","can",269,0.00617993015989708,"Crusader Kings III: Royal Court"
"Negative reviews","new",264,0.00606506156956442,"Crusader Kings III: Royal Court"
"Negative reviews","really",261,0.00599614041536482,"Crusader Kings III: Royal Court"
"Negative reviews","much",260,0.00597316669729829,"Crusader Kings III: Royal Court"
"Negative reviews","culture",245,0.00562856092630031,"Crusader Kings III: Royal Court"
"Negative reviews","good",218,0.00500827053850395,"Crusader Kings III: Royal Court"
"Negative reviews","time",217,0.00498529682043742,"Crusader Kings III: Royal Court"
"Negative reviews","events",203,0.00466366476750597,"Crusader Kings III: Royal Court"
"Negative reviews","3d",187,0.00429608527844146,"Crusader Kings III: Royal Court"
"Negative reviews","make",174,0.00399742694357655,"Crusader Kings III: Royal Court"
"Negative reviews","still",169,0.00388255835324389,"Crusader Kings III: Royal Court"
"Negative reviews","wait",166,0.00381363719904429,"Crusader Kings III: Royal Court"
"Negative reviews","adds",165,0.00379066348097776,"Crusader Kings III: Royal Court"
"Negative reviews","ck3",156,0.00358390001837897,"Crusader Kings III: Royal Court"
"Negative reviews","play",155,0.00356092630031244,"Crusader Kings III: Royal Court"
"Negative reviews","way",155,0.00356092630031244,"Crusader Kings III: Royal Court"
"Negative reviews","artifacts",154,0.00353795258224591,"Crusader Kings III: Royal Court"
"Negative reviews","also",153,0.00351497886417938,"Crusader Kings III: Royal Court"
"Negative reviews","sale",152,0.00349200514611285,"Crusader Kings III: Royal Court"
"Negative reviews","expansion",149,0.00342308399191325,"Crusader Kings III: Royal Court"
"Negative reviews","now",149,0.00342308399191325,"Crusader Kings III: Royal Court"
"Negative reviews","one",144,0.00330821540158059,"Crusader Kings III: Royal Court"
"Negative reviews","system",142,0.00326226796544753,"Crusader Kings III: Royal Court"
"Negative reviews","free",134,0.00307847822091527,"Crusader Kings III: Royal Court"
"Negative reviews","little",134,0.00307847822091527,"Crusader Kings III: Royal Court"
"Negative reviews","room",130,0.00298658334864915,"Crusader Kings III: Royal Court"
"Negative reviews","mechanics",127,0.00291766219444955,"Crusader Kings III: Royal Court"
"Negative reviews","money",127,0.00291766219444955,"Crusader Kings III: Royal Court"
"Negative reviews","add",121,0.00277981988605036,"Crusader Kings III: Royal Court"
"Negative reviews","ck2",119,0.00273387244991729,"Crusader Kings III: Royal Court"
"Negative reviews","buy",118,0.00271089873185076,"Crusader Kings III: Royal Court"
"Negative reviews","update",116,0.0026649512957177,"Crusader Kings III: Royal Court"
"Negative reviews","cultures",110,0.00252710898731851,"Crusader Kings III: Royal Court"
"Negative reviews","feel",110,0.00252710898731851,"Crusader Kings III: Royal Court"
"Negative reviews","overpriced",106,0.00243521411505238,"Crusader Kings III: Royal Court"
"Negative reviews","10",105,0.00241224039698585,"Crusader Kings III: Royal Court"
"Negative reviews","features",105,0.00241224039698585,"Crusader Kings III: Royal Court"
"Negative reviews","feels",105,0.00241224039698585,"Crusader Kings III: Royal Court"
"Negative reviews","got",105,0.00241224039698585,"Crusader Kings III: Royal Court"
"Negative reviews","base",104,0.00238926667891932,"Crusader Kings III: Royal Court"
"Negative reviews","something",102,0.00234331924278625,"Crusader Kings III: Royal Court"
"Negative reviews","nothing",100,0.00229737180665319,"Crusader Kings III: Royal Court"
"Negative reviews","nice",99,0.00227439808858666,"Crusader Kings III: Royal Court"
"Negative reviews","year",98,0.00225142437052013,"Crusader Kings III: Royal Court"
"Negative reviews","half",97,0.00222845065245359,"Crusader Kings III: Royal Court"
"Negative reviews","long",95,0.00218250321632053,"Crusader Kings III: Royal Court"
"Negative reviews","feature",94,0.002159529498254,"Crusader Kings III: Royal Court"
"Negative reviews","better",92,0.00211358206212093,"Crusader Kings III: Royal Court"
"Negative reviews","years",92,0.00211358206212093,"Crusader Kings III: Royal Court"
"Negative reviews","see",91,0.0020906083440544,"Crusader Kings III: Royal Court"
"Negative reviews","tag",91,0.0020906083440544,"Crusader Kings III: Royal Court"
"Negative reviews","part",90,0.00206763462598787,"Crusader Kings III: Royal Court"
"Negative reviews","fun",88,0.00202168718985481,"Crusader Kings III: Royal Court"
"Negative reviews","think",88,0.00202168718985481,"Crusader Kings III: Royal Court"
"Negative reviews","edition",87,0.00199871347178827,"Crusader Kings III: Royal Court"
"Negative reviews","enough",87,0.00199871347178827,"Crusader Kings III: Royal Court"
"Negative reviews","people",87,0.00199871347178827,"Crusader Kings III: Royal Court"
"Negative reviews","first",85,0.00195276603565521,"Crusader Kings III: Royal Court"
"Negative reviews","lot",84,0.00192979231758868,"Crusader Kings III: Royal Court"
"Negative reviews","cool",83,0.00190681859952215,"Crusader Kings III: Royal Court"
"Negative reviews","things",83,0.00190681859952215,"Crusader Kings III: Royal Court"
"Negative reviews","actually",82,0.00188384488145561,"Crusader Kings III: Royal Court"
"Negative reviews","added",82,0.00188384488145561,"Crusader Kings III: Royal Court"
"Negative reviews","bad",82,0.00188384488145561,"Crusader Kings III: Royal Court"
"Negative reviews","every",82,0.00188384488145561,"Crusader Kings III: Royal Court"
"Negative reviews","many",82,0.00188384488145561,"Crusader Kings III: Royal Court"
"Negative reviews","look",81,0.00186087116338908,"Crusader Kings III: Royal Court"
"Negative reviews","courts",78,0.00179195000918949,"Crusader Kings III: Royal Court"
"Negative reviews","say",78,0.00179195000918949,"Crusader Kings III: Royal Court"
"Negative reviews","great",77,0.00176897629112296,"Crusader Kings III: Royal Court"
"Negative reviews","recommend",77,0.00176897629112296,"Crusader Kings III: Royal Court"
"Negative reviews","since",77,0.00176897629112296,"Crusader Kings III: Royal Court"
"Negative reviews","tribal",77,0.00176897629112296,"Crusader Kings III: Royal Court"
"Negative reviews","less",76,0.00174600257305642,"Crusader Kings III: Royal Court"
"Negative reviews","bugs",75,0.00172302885498989,"Crusader Kings III: Royal Court"
"Negative reviews","expensive",74,0.00170005513692336,"Crusader Kings III: Royal Court"
"Negative reviews","event",72,0.0016541077007903,"Crusader Kings III: Royal Court"
"Negative reviews","5",71,0.00163113398272376,"Crusader Kings III: Royal Court"
"Negative reviews","made",71,0.00163113398272376,"Crusader Kings III: Royal Court"
"Negative reviews","well",71,0.00163113398272376,"Crusader Kings III: Royal Court"
"Negative reviews","gameplay",70,0.00160816026465723,"Crusader Kings III: Royal Court"
"Negative reviews","going",70,0.00160816026465723,"Crusader Kings III: Royal Court"
"Negative reviews","pretty",70,0.00160816026465723,"Crusader Kings III: Royal Court"
"Negative reviews","flavor",69,0.0015851865465907,"Crusader Kings III: Royal Court"
"Negative reviews","3",68,0.00156221282852417,"Crusader Kings III: Royal Court"
"Negative reviews","full",68,0.00156221282852417,"Crusader Kings III: Royal Court"
"Negative reviews","king",68,0.00156221282852417,"Crusader Kings III: Royal Court"
"Positive reviews","dlc",759,0.0218385843763487,"Crusader Kings III: Royal Court"
"Positive reviews","game",738,0.021234354769098,"Crusader Kings III: Royal Court"
"Positive reviews","court",610,0.0175514314487124,"Crusader Kings III: Royal Court"
"Positive reviews","price",322,0.00926485397784491,"Crusader Kings III: Royal Court"
"Positive reviews","like",319,0.00917853546252338,"Crusader Kings III: Royal Court"
"Positive reviews","good",314,0.00903467127032082,"Crusader Kings III: Royal Court"
"Positive reviews","new",307,0.00883326140123723,"Crusader Kings III: Royal Court"
"Positive reviews","can",301,0.00866062437059416,"Crusader Kings III: Royal Court"
"Positive reviews","royal",291,0.00837289598618904,"Crusader Kings III: Royal Court"
"Positive reviews","really",255,0.0073370738023306,"Crusader Kings III: Royal Court"
"Positive reviews","content",246,0.00707811825636599,"Crusader Kings III: Royal Court"
"Positive reviews","culture",244,0.00702057257948497,"Crusader Kings III: Royal Court"
"Positive reviews","much",228,0.00656020716443677,"Crusader Kings III: Royal Court"
"Positive reviews","get",227,0.00653143432599626,"Crusader Kings III: Royal Court"
"Positive reviews","adds",223,0.00641634297223421,"Crusader Kings III: Royal Court"
"Positive reviews","just",221,0.00635879729535319,"Crusader Kings III: Royal Court"
"Positive reviews","paradox",204,0.00586965904186448,"Crusader Kings III: Royal Court"
"Positive reviews","lot",201,0.00578334052654294,"Crusader Kings III: Royal Court"
"Positive reviews","great",194,0.00558193065745936,"Crusader Kings III: Royal Court"
"Positive reviews","worth",189,0.0054380664652568,"Crusader Kings III: Royal Court"
"Positive reviews","ck3",179,0.00515033808085168,"Crusader Kings III: Royal Court"
"Positive reviews","think",168,0.00483383685800604,"Crusader Kings III: Royal Court"
"Positive reviews","expansion",164,0.00471874550424399,"Crusader Kings III: Royal Court"
"Positive reviews","people",160,0.00460365415048195,"Crusader Kings III: Royal Court"
"Positive reviews","artifacts",157,0.00451733563516041,"Crusader Kings III: Royal Court"
"Positive reviews","time",157,0.00451733563516041,"Crusader Kings III: Royal Court"
"Positive reviews","fun",139,0.00399942454323119,"Crusader Kings III: Royal Court"
"Positive reviews","one",139,0.00399942454323119,"Crusader Kings III: Royal Court"
"Positive reviews","even",137,0.00394187886635017,"Crusader Kings III: Royal Court"
"Positive reviews","now",137,0.00394187886635017,"Crusader Kings III: Royal Court"
"Positive reviews","play",137,0.00394187886635017,"Crusader Kings III: Royal Court"
"Positive reviews","system",137,0.00394187886635017,"Crusader Kings III: Royal Court"
"Positive reviews","make",136,0.00391310602790965,"Crusader Kings III: Royal Court"
"Positive reviews","sale",135,0.00388433318946914,"Crusader Kings III: Royal Court"
"Positive reviews","see",135,0.00388433318946914,"Crusader Kings III: Royal Court"
"Positive reviews","also",133,0.00382678751258812,"Crusader Kings III: Royal Court"
"Positive reviews","wait",133,0.00382678751258812,"Crusader Kings III: Royal Court"
"Positive reviews","cultures",125,0.00359660480506402,"Crusader Kings III: Royal Court"
"Positive reviews","bit",122,0.00351028628974248,"Crusader Kings III: Royal Court"
"Positive reviews","features",119,0.00342396777442095,"Crusader Kings III: Royal Court"
"Positive reviews","30",115,0.0033088764206589,"Crusader Kings III: Royal Court"
"Positive reviews","free",114,0.00328010358221839,"Crusader Kings III: Royal Court"
"Positive reviews","feel",111,0.00319378506689685,"Crusader Kings III: Royal Court"
"Positive reviews","love",111,0.00319378506689685,"Crusader Kings III: Royal Court"
"Positive reviews","still",111,0.00319378506689685,"Crusader Kings III: Royal Court"
"Positive reviews","makes",102,0.00293482952093224,"Crusader Kings III: Royal Court"
"Positive reviews","add",101,0.00290605668249173,"Crusader Kings III: Royal Court"
"Positive reviews","10",100,0.00287728384405122,"Crusader Kings III: Royal Court"
"Positive reviews","playing",100,0.00287728384405122,"Crusader Kings III: Royal Court"
"Positive reviews","well",100,0.00287728384405122,"Crusader Kings III: Royal Court"
"Positive reviews","mechanics",99,0.0028485110056107,"Crusader Kings III: Royal Court"
"Positive reviews","way",99,0.0028485110056107,"Crusader Kings III: Royal Court"
"Positive reviews","buy",96,0.00276219249028917,"Crusader Kings III: Royal Court"
"Positive reviews","many",96,0.00276219249028917,"Crusader Kings III: Royal Court"
"Positive reviews","addition",95,0.00273341965184865,"Crusader Kings III: Royal Court"
"Positive reviews","update",95,0.00273341965184865,"Crusader Kings III: Royal Court"
"Positive reviews","events",92,0.00264710113652712,"Crusader Kings III: Royal Court"
"Positive reviews","added",91,0.00261832829808661,"Crusader Kings III: Royal Court"
"Positive reviews","hours",90,0.00258955545964609,"Crusader Kings III: Royal Court"
"Positive reviews","ck2",89,0.00256078262120558,"Crusader Kings III: Royal Court"
"Positive reviews","pretty",89,0.00256078262120558,"Crusader Kings III: Royal Court"
"Positive reviews","something",89,0.00256078262120558,"Crusader Kings III: Royal Court"
"Positive reviews","base",88,0.00253200978276507,"Crusader Kings III: Royal Court"
"Positive reviews","nice",87,0.00250323694432456,"Crusader Kings III: Royal Court"
"Positive reviews","though",86,0.00247446410588405,"Crusader Kings III: Royal Court"
"Positive reviews","want",84,0.00241691842900302,"Crusader Kings III: Royal Court"
"Positive reviews","first",83,0.00238814559056251,"Crusader Kings III: Royal Court"
"Positive reviews","say",81,0.00233059991368148,"Crusader Kings III: Royal Court"
"Positive reviews","interesting",80,0.00230182707524097,"Crusader Kings III: Royal Court"
"Positive reviews","3d",79,0.00227305423680046,"Crusader Kings III: Royal Court"
"Positive reviews","games",77,0.00221550855991944,"Crusader Kings III: Royal Court"
"Positive reviews","recommend",76,0.00218673572147892,"Crusader Kings III: Royal Court"
"Positive reviews","cool",75,0.00215796288303841,"Crusader Kings III: Royal Court"
"Positive reviews","things",74,0.0021291900445979,"Crusader Kings III: Royal Court"
"Positive reviews","little",72,0.00207164436771688,"Crusader Kings III: Royal Court"
"Positive reviews","already",70,0.00201409869083585,"Crusader Kings III: Royal Court"
"Positive reviews","got",69,0.00198532585239534,"Crusader Kings III: Royal Court"
"Positive reviews","however",68,0.00195655301395483,"Crusader Kings III: Royal Court"
"Positive reviews","kings",68,0.00195655301395483,"Crusader Kings III: Royal Court"
"Positive reviews","flavor",67,0.00192778017551431,"Crusader Kings III: Royal Court"
"Positive reviews","room",67,0.00192778017551431,"Crusader Kings III: Royal Court"
"Positive reviews","money",66,0.0018990073370738,"Crusader Kings III: Royal Court"
"Positive reviews","stuff",66,0.0018990073370738,"Crusader Kings III: Royal Court"
"Positive reviews","better",65,0.00187023449863329,"Crusader Kings III: Royal Court"
"Positive reviews","expensive",65,0.00187023449863329,"Crusader Kings III: Royal Court"
"Positive reviews","far",64,0.00184146166019278,"Crusader Kings III: Royal Court"
"Positive reviews","needed",64,0.00184146166019278,"Crusader Kings III: Royal Court"
"Positive reviews","work",62,0.00178391598331175,"Crusader Kings III: Royal Court"
"Positive reviews","part",61,0.00175514314487124,"Crusader Kings III: Royal Court"
"Positive reviews","reviews",61,0.00175514314487124,"Crusader Kings III: Royal Court"
"Positive reviews","actually",60,0.00172637030643073,"Crusader Kings III: Royal Court"
"Positive reviews","every",60,0.00172637030643073,"Crusader Kings III: Royal Court"
"Positive reviews","cultural",59,0.00169759746799022,"Crusader Kings III: Royal Court"
"Positive reviews","edition",59,0.00169759746799022,"Crusader Kings III: Royal Court"
"Positive reviews","give",59,0.00169759746799022,"Crusader Kings III: Royal Court"
"Positive reviews","overall",59,0.00169759746799022,"Crusader Kings III: Royal Court"
"Positive reviews","throne",59,0.00169759746799022,"Crusader Kings III: Royal Court"
"Positive reviews","changes",57,0.00164005179110919,"Crusader Kings III: Royal Court"
"Positive reviews","depth",57,0.00164005179110919,"Crusader Kings III: Royal Court"
"Positive reviews","future",57,0.00164005179110919,"Crusader Kings III: Royal Court"
