"author.steamid","Crusader Kings III","Crusader Kings III: Royal Court","Vote_change"
"76561197960531547",TRUE,TRUE,"Remained positive"
"76561197960701860",TRUE,TRUE,"Remained positive"
"76561197962147937",TRUE,TRUE,"Remained positive"
"76561197962963654",TRUE,TRUE,"Remained positive"
"76561197964212662",TRUE,TRUE,"Remained positive"
"76561197964931984",TRUE,TRUE,"Remained positive"
"76561197965571134",TRUE,FALSE,"Changed from positive to negative"
"76561197965961039",TRUE,FALSE,"Changed from positive to negative"
"76561197966180305",TRUE,FALSE,"Changed from positive to negative"
"76561197966421896",FALSE,FALSE,"Remained negative"
"76561197966511707",TRUE,TRUE,"Remained positive"
"76561197966874044",TRUE,TRUE,"Remained positive"
"76561197967160002",TRUE,TRUE,"Remained positive"
"76561197967241706",TRUE,FALSE,"Changed from positive to negative"
"76561197967352151",TRUE,FALSE,"Changed from positive to negative"
"76561197967358331",TRUE,TRUE,"Remained positive"
"76561197967426975",TRUE,FALSE,"Changed from positive to negative"
"76561197967546217",TRUE,FALSE,"Changed from positive to negative"
"76561197967614531",TRUE,FALSE,"Changed from positive to negative"
"76561197967774170",TRUE,TRUE,"Remained positive"
"76561197967781315",FALSE,FALSE,"Remained negative"
"76561197968146538",TRUE,FALSE,"Changed from positive to negative"
"76561197969687669",TRUE,FALSE,"Changed from positive to negative"
"76561197969768203",TRUE,TRUE,"Remained positive"
"76561197969893907",TRUE,TRUE,"Remained positive"
"76561197970348674",TRUE,FALSE,"Changed from positive to negative"
"76561197970384554",TRUE,TRUE,"Remained positive"
"76561197970486639",TRUE,TRUE,"Remained positive"
"76561197970530938",FALSE,FALSE,"Remained negative"
"76561197970596905",TRUE,TRUE,"Remained positive"
"76561197970658884",TRUE,TRUE,"Remained positive"
"76561197970777522",TRUE,FALSE,"Changed from positive to negative"
"76561197971262824",TRUE,TRUE,"Remained positive"
"76561197972120528",TRUE,FALSE,"Changed from positive to negative"
"76561197972214039",TRUE,TRUE,"Remained positive"
"76561197972229972",TRUE,FALSE,"Changed from positive to negative"
"76561197972230567",TRUE,TRUE,"Remained positive"
"76561197972273299",TRUE,FALSE,"Changed from positive to negative"
"76561197972319247",FALSE,FALSE,"Remained negative"
"76561197972326242",TRUE,TRUE,"Remained positive"
"76561197972552656",TRUE,TRUE,"Remained positive"
"76561197972921637",TRUE,TRUE,"Remained positive"
"76561197974320864",TRUE,FALSE,"Changed from positive to negative"
"76561197975016498",TRUE,FALSE,"Changed from positive to negative"
"76561197975439972",TRUE,FALSE,"Changed from positive to negative"
"76561197975498727",FALSE,FALSE,"Remained negative"
"76561197977258969",TRUE,TRUE,"Remained positive"
"76561197977378983",TRUE,TRUE,"Remained positive"
"76561197977492642",TRUE,TRUE,"Remained positive"
"76561197979740638",TRUE,TRUE,"Remained positive"
"76561197980275967",TRUE,TRUE,"Remained positive"
"76561197980608516",TRUE,TRUE,"Remained positive"
"76561197981074767",TRUE,TRUE,"Remained positive"
"76561197982105412",TRUE,TRUE,"Remained positive"
"76561197982169040",TRUE,FALSE,"Changed from positive to negative"
"76561197983089712",TRUE,FALSE,"Changed from positive to negative"
"76561197983234798",TRUE,TRUE,"Remained positive"
"76561197983527496",TRUE,TRUE,"Remained positive"
"76561197983637763",TRUE,TRUE,"Remained positive"
"76561197984821036",TRUE,TRUE,"Remained positive"
"76561197984855878",TRUE,TRUE,"Remained positive"
"76561197985235454",TRUE,TRUE,"Remained positive"
"76561197986279290",TRUE,TRUE,"Remained positive"
"76561197986356414",TRUE,TRUE,"Remained positive"
"76561197986621377",TRUE,TRUE,"Remained positive"
"76561197986629379",TRUE,FALSE,"Changed from positive to negative"
"76561197986754491",TRUE,TRUE,"Remained positive"
"76561197986775314",TRUE,FALSE,"Changed from positive to negative"
"76561197987024846",FALSE,TRUE,"Changed from negative to positive"
"76561197987276188",TRUE,FALSE,"Changed from positive to negative"
"76561197987304197",TRUE,TRUE,"Remained positive"
"76561197987310746",TRUE,FALSE,"Changed from positive to negative"
"76561197987514015",TRUE,TRUE,"Remained positive"
"76561197988145684",TRUE,TRUE,"Remained positive"
"76561197988214521",FALSE,FALSE,"Remained negative"
"76561197988443224",TRUE,TRUE,"Remained positive"
"76561197988620944",TRUE,TRUE,"Remained positive"
"76561197988759666",TRUE,FALSE,"Changed from positive to negative"
"76561197988805158",FALSE,FALSE,"Remained negative"
"76561197988851209",TRUE,FALSE,"Changed from positive to negative"
"76561197988940274",TRUE,FALSE,"Changed from positive to negative"
"76561197988995931",TRUE,TRUE,"Remained positive"
"76561197989747773",TRUE,TRUE,"Remained positive"
"76561197989849936",TRUE,TRUE,"Remained positive"
"76561197990015310",TRUE,FALSE,"Changed from positive to negative"
"76561197990046450",TRUE,TRUE,"Remained positive"
"76561197990490038",TRUE,TRUE,"Remained positive"
"76561197990799473",TRUE,FALSE,"Changed from positive to negative"
"76561197990811751",FALSE,FALSE,"Remained negative"
"76561197990845964",TRUE,FALSE,"Changed from positive to negative"
"76561197990980392",FALSE,FALSE,"Remained negative"
"76561197991165703",TRUE,FALSE,"Changed from positive to negative"
"76561197991167172",TRUE,TRUE,"Remained positive"
"76561197991221224",TRUE,FALSE,"Changed from positive to negative"
"76561197991247245",TRUE,TRUE,"Remained positive"
"76561197991261547",TRUE,FALSE,"Changed from positive to negative"
"76561197991470463",TRUE,TRUE,"Remained positive"
"76561197991542676",FALSE,FALSE,"Remained negative"
"76561197991610621",TRUE,FALSE,"Changed from positive to negative"
"76561197991874834",TRUE,TRUE,"Remained positive"
"76561197992069062",TRUE,FALSE,"Changed from positive to negative"
"76561197992239750",TRUE,TRUE,"Remained positive"
"76561197992284928",TRUE,TRUE,"Remained positive"
"76561197992395260",TRUE,FALSE,"Changed from positive to negative"
"76561197993564225",FALSE,FALSE,"Remained negative"
"76561197993595443",TRUE,FALSE,"Changed from positive to negative"
"76561197993679632",TRUE,TRUE,"Remained positive"
"76561197994152667",FALSE,FALSE,"Remained negative"
"76561197994241722",FALSE,FALSE,"Remained negative"
"76561197994258473",TRUE,TRUE,"Remained positive"
"76561197994669551",TRUE,TRUE,"Remained positive"
"76561197994883935",TRUE,FALSE,"Changed from positive to negative"
"76561197995001401",TRUE,TRUE,"Remained positive"
"76561197995093747",FALSE,FALSE,"Remained negative"
"76561197995172073",TRUE,FALSE,"Changed from positive to negative"
"76561197995212108",TRUE,TRUE,"Remained positive"
"76561197995317571",FALSE,FALSE,"Remained negative"
"76561197996005057",TRUE,TRUE,"Remained positive"
"76561197996186910",TRUE,FALSE,"Changed from positive to negative"
"76561197996705380",TRUE,FALSE,"Changed from positive to negative"
"76561197996786301",TRUE,FALSE,"Changed from positive to negative"
"76561197997435687",FALSE,FALSE,"Remained negative"
"76561197997502804",FALSE,FALSE,"Remained negative"
"76561197997810616",TRUE,TRUE,"Remained positive"
"76561197997816482",TRUE,TRUE,"Remained positive"
"76561197997846959",FALSE,FALSE,"Remained negative"
"76561197997870776",TRUE,TRUE,"Remained positive"
"76561197998133593",TRUE,FALSE,"Changed from positive to negative"
"76561197998230534",TRUE,TRUE,"Remained positive"
"76561197998253651",TRUE,TRUE,"Remained positive"
"76561197998392512",TRUE,FALSE,"Changed from positive to negative"
"76561197998501783",TRUE,TRUE,"Remained positive"
"76561197998502902",FALSE,FALSE,"Remained negative"
"76561197998540967",TRUE,TRUE,"Remained positive"
"76561197998632511",FALSE,FALSE,"Remained negative"
"76561197998658952",TRUE,FALSE,"Changed from positive to negative"
"76561197998674016",TRUE,TRUE,"Remained positive"
"76561197998827138",TRUE,TRUE,"Remained positive"
"76561197999194998",TRUE,TRUE,"Remained positive"
"76561197999554966",TRUE,FALSE,"Changed from positive to negative"
"76561197999627089",FALSE,FALSE,"Remained negative"
"76561197999750800",TRUE,TRUE,"Remained positive"
"76561197999983844",TRUE,TRUE,"Remained positive"
"76561198000017459",TRUE,TRUE,"Remained positive"
"76561198000193652",TRUE,FALSE,"Changed from positive to negative"
"76561198000291597",FALSE,FALSE,"Remained negative"
"76561198000338803",TRUE,TRUE,"Remained positive"
"76561198000403298",FALSE,FALSE,"Remained negative"
"76561198000711091",TRUE,FALSE,"Changed from positive to negative"
"76561198000897853",TRUE,TRUE,"Remained positive"
"76561198000938094",TRUE,FALSE,"Changed from positive to negative"
"76561198001025044",TRUE,TRUE,"Remained positive"
"76561198001057660",TRUE,TRUE,"Remained positive"
"76561198001072275",TRUE,TRUE,"Remained positive"
"76561198001466609",TRUE,TRUE,"Remained positive"
"76561198001588730",TRUE,TRUE,"Remained positive"
"76561198001589835",TRUE,TRUE,"Remained positive"
"76561198001710046",TRUE,TRUE,"Remained positive"
"76561198001854537",FALSE,FALSE,"Remained negative"
"76561198002025072",TRUE,FALSE,"Changed from positive to negative"
"76561198002308919",TRUE,FALSE,"Changed from positive to negative"
"76561198002383187",TRUE,FALSE,"Changed from positive to negative"
"76561198002425760",TRUE,TRUE,"Remained positive"
"76561198002467873",TRUE,FALSE,"Changed from positive to negative"
"76561198002505405",TRUE,TRUE,"Remained positive"
"76561198002522871",TRUE,TRUE,"Remained positive"
"76561198002605304",TRUE,TRUE,"Remained positive"
"76561198003124936",TRUE,FALSE,"Changed from positive to negative"
"76561198003197465",TRUE,TRUE,"Remained positive"
"76561198003230959",TRUE,TRUE,"Remained positive"
"76561198003249527",TRUE,TRUE,"Remained positive"
"76561198003514518",TRUE,TRUE,"Remained positive"
"76561198003519799",TRUE,FALSE,"Changed from positive to negative"
"76561198003686752",FALSE,TRUE,"Changed from negative to positive"
"76561198004072194",TRUE,FALSE,"Changed from positive to negative"
"76561198004171272",TRUE,FALSE,"Changed from positive to negative"
"76561198004171929",TRUE,TRUE,"Remained positive"
"76561198004512029",TRUE,FALSE,"Changed from positive to negative"
"76561198004628500",TRUE,TRUE,"Remained positive"
"76561198004948615",TRUE,TRUE,"Remained positive"
"76561198004951232",FALSE,FALSE,"Remained negative"
"76561198005103837",FALSE,FALSE,"Remained negative"
"76561198005282571",TRUE,TRUE,"Remained positive"
"76561198005507336",FALSE,FALSE,"Remained negative"
"76561198005754008",FALSE,FALSE,"Remained negative"
"76561198005783119",FALSE,FALSE,"Remained negative"
"76561198005879261",TRUE,TRUE,"Remained positive"
"76561198005928505",TRUE,FALSE,"Changed from positive to negative"
"76561198006108743",TRUE,FALSE,"Changed from positive to negative"
"76561198006223830",TRUE,TRUE,"Remained positive"
"76561198006276453",TRUE,TRUE,"Remained positive"
"76561198006299039",FALSE,FALSE,"Remained negative"
"76561198006351441",TRUE,TRUE,"Remained positive"
"76561198006542005",TRUE,TRUE,"Remained positive"
"76561198006621042",FALSE,FALSE,"Remained negative"
"76561198006633813",FALSE,FALSE,"Remained negative"
"76561198006641656",TRUE,FALSE,"Changed from positive to negative"
"76561198006683712",TRUE,TRUE,"Remained positive"
"76561198006707826",TRUE,TRUE,"Remained positive"
"76561198006732628",TRUE,TRUE,"Remained positive"
"76561198006743343",TRUE,TRUE,"Remained positive"
"76561198006753596",TRUE,TRUE,"Remained positive"
"76561198006921193",FALSE,FALSE,"Remained negative"
"76561198007037052",FALSE,FALSE,"Remained negative"
"76561198007037840",TRUE,TRUE,"Remained positive"
"76561198007121932",TRUE,TRUE,"Remained positive"
"76561198007226198",FALSE,FALSE,"Remained negative"
"76561198007236312",TRUE,FALSE,"Changed from positive to negative"
"76561198007260664",TRUE,TRUE,"Remained positive"
"76561198007275936",TRUE,FALSE,"Changed from positive to negative"
"76561198007286806",TRUE,TRUE,"Remained positive"
"76561198007301849",TRUE,TRUE,"Remained positive"
"76561198007322416",FALSE,FALSE,"Remained negative"
"76561198007345448",TRUE,TRUE,"Remained positive"
"76561198007376773",TRUE,TRUE,"Remained positive"
"76561198007393646",TRUE,FALSE,"Changed from positive to negative"
"76561198007394958",TRUE,FALSE,"Changed from positive to negative"
"76561198007483036",TRUE,FALSE,"Changed from positive to negative"
"76561198007501906",TRUE,FALSE,"Changed from positive to negative"
"76561198007613437",TRUE,FALSE,"Changed from positive to negative"
"76561198007692932",TRUE,TRUE,"Remained positive"
"76561198007717469",TRUE,TRUE,"Remained positive"
"76561198007732687",TRUE,TRUE,"Remained positive"
"76561198007740117",TRUE,TRUE,"Remained positive"
"76561198007887725",TRUE,FALSE,"Changed from positive to negative"
"76561198007906166",TRUE,TRUE,"Remained positive"
"76561198007933638",TRUE,FALSE,"Changed from positive to negative"
"76561198007940375",TRUE,FALSE,"Changed from positive to negative"
"76561198008258393",TRUE,FALSE,"Changed from positive to negative"
"76561198008295756",FALSE,FALSE,"Remained negative"
"76561198008427994",TRUE,TRUE,"Remained positive"
"76561198008445589",TRUE,FALSE,"Changed from positive to negative"
"76561198008548977",FALSE,FALSE,"Remained negative"
"76561198008743851",FALSE,FALSE,"Remained negative"
"76561198008795381",TRUE,TRUE,"Remained positive"
"76561198008871284",TRUE,FALSE,"Changed from positive to negative"
"76561198008878090",TRUE,FALSE,"Changed from positive to negative"
"76561198008948975",TRUE,TRUE,"Remained positive"
"76561198009028705",TRUE,FALSE,"Changed from positive to negative"
"76561198009145877",TRUE,TRUE,"Remained positive"
"76561198009165304",TRUE,TRUE,"Remained positive"
"76561198009190808",FALSE,FALSE,"Remained negative"
"76561198009315874",TRUE,TRUE,"Remained positive"
"76561198009388102",TRUE,TRUE,"Remained positive"
"76561198009393188",TRUE,FALSE,"Changed from positive to negative"
"76561198009507371",TRUE,TRUE,"Remained positive"
"76561198009546021",TRUE,TRUE,"Remained positive"
"76561198009767831",TRUE,FALSE,"Changed from positive to negative"
"76561198009922696",TRUE,TRUE,"Remained positive"
"76561198010206276",TRUE,TRUE,"Remained positive"
"76561198010221469",FALSE,FALSE,"Remained negative"
"76561198010369718",TRUE,FALSE,"Changed from positive to negative"
"76561198010421096",TRUE,FALSE,"Changed from positive to negative"
"76561198010628632",TRUE,TRUE,"Remained positive"
"76561198010905172",FALSE,FALSE,"Remained negative"
"76561198010972136",TRUE,TRUE,"Remained positive"
"76561198011256744",TRUE,FALSE,"Changed from positive to negative"
"76561198011305877",FALSE,FALSE,"Remained negative"
"76561198011461232",TRUE,TRUE,"Remained positive"
"76561198011545305",TRUE,TRUE,"Remained positive"
"76561198011609189",FALSE,FALSE,"Remained negative"
"76561198011663961",FALSE,FALSE,"Remained negative"
"76561198011812059",TRUE,FALSE,"Changed from positive to negative"
"76561198011939741",FALSE,FALSE,"Remained negative"
"76561198012092116",FALSE,TRUE,"Changed from negative to positive"
"76561198012144398",TRUE,TRUE,"Remained positive"
"76561198012162575",FALSE,FALSE,"Remained negative"
"76561198012283731",TRUE,TRUE,"Remained positive"
"76561198012499238",TRUE,TRUE,"Remained positive"
"76561198012689530",TRUE,FALSE,"Changed from positive to negative"
"76561198012731940",TRUE,TRUE,"Remained positive"
"76561198012910996",TRUE,TRUE,"Remained positive"
"76561198012943507",TRUE,TRUE,"Remained positive"
"76561198013244801",TRUE,FALSE,"Changed from positive to negative"
"76561198013304649",FALSE,FALSE,"Remained negative"
"76561198013401309",TRUE,TRUE,"Remained positive"
"76561198013948097",FALSE,FALSE,"Remained negative"
"76561198014114839",TRUE,TRUE,"Remained positive"
"76561198014225139",TRUE,TRUE,"Remained positive"
"76561198014396699",TRUE,TRUE,"Remained positive"
"76561198014400196",TRUE,TRUE,"Remained positive"
"76561198014447615",FALSE,FALSE,"Remained negative"
"76561198014634321",TRUE,FALSE,"Changed from positive to negative"
"76561198014744833",TRUE,TRUE,"Remained positive"
"76561198014753603",TRUE,TRUE,"Remained positive"
"76561198015248504",TRUE,FALSE,"Changed from positive to negative"
"76561198015374038",TRUE,TRUE,"Remained positive"
"76561198015453094",TRUE,FALSE,"Changed from positive to negative"
"76561198015546584",TRUE,TRUE,"Remained positive"
"76561198016789862",TRUE,TRUE,"Remained positive"
"76561198017020504",TRUE,TRUE,"Remained positive"
"76561198017081738",TRUE,FALSE,"Changed from positive to negative"
"76561198017108944",TRUE,FALSE,"Changed from positive to negative"
"76561198018040592",TRUE,TRUE,"Remained positive"
"76561198018277440",TRUE,TRUE,"Remained positive"
"76561198018547139",TRUE,TRUE,"Remained positive"
"76561198018664975",TRUE,FALSE,"Changed from positive to negative"
"76561198018808392",FALSE,TRUE,"Changed from negative to positive"
"76561198018847267",TRUE,TRUE,"Remained positive"
"76561198018875590",TRUE,TRUE,"Remained positive"
"76561198019046681",TRUE,TRUE,"Remained positive"
"76561198019093154",TRUE,TRUE,"Remained positive"
"76561198019222673",FALSE,FALSE,"Remained negative"
"76561198019524751",TRUE,FALSE,"Changed from positive to negative"
"76561198020240145",TRUE,FALSE,"Changed from positive to negative"
"76561198020356189",FALSE,FALSE,"Remained negative"
"76561198020602112",TRUE,TRUE,"Remained positive"
"76561198020741051",TRUE,FALSE,"Changed from positive to negative"
"76561198020835197",TRUE,TRUE,"Remained positive"
"76561198020882154",TRUE,FALSE,"Changed from positive to negative"
"76561198021028200",TRUE,TRUE,"Remained positive"
"76561198021028390",TRUE,TRUE,"Remained positive"
"76561198021554672",TRUE,TRUE,"Remained positive"
"76561198021630797",TRUE,TRUE,"Remained positive"
"76561198021695524",TRUE,FALSE,"Changed from positive to negative"
"76561198021707500",FALSE,FALSE,"Remained negative"
"76561198021875868",TRUE,FALSE,"Changed from positive to negative"
"76561198022000205",TRUE,TRUE,"Remained positive"
"76561198022125431",FALSE,FALSE,"Remained negative"
"76561198022668309",TRUE,TRUE,"Remained positive"
"76561198022669898",TRUE,TRUE,"Remained positive"
"76561198022682831",TRUE,TRUE,"Remained positive"
"76561198023050135",TRUE,TRUE,"Remained positive"
"76561198023276033",FALSE,FALSE,"Remained negative"
"76561198023432487",TRUE,TRUE,"Remained positive"
"76561198023624735",TRUE,FALSE,"Changed from positive to negative"
"76561198023642844",TRUE,FALSE,"Changed from positive to negative"
"76561198023716252",FALSE,FALSE,"Remained negative"
"76561198024579559",TRUE,FALSE,"Changed from positive to negative"
"76561198024811169",TRUE,TRUE,"Remained positive"
"76561198024820985",TRUE,FALSE,"Changed from positive to negative"
"76561198024871489",TRUE,FALSE,"Changed from positive to negative"
"76561198024925692",TRUE,TRUE,"Remained positive"
"76561198024950989",TRUE,FALSE,"Changed from positive to negative"
"76561198025210937",TRUE,TRUE,"Remained positive"
"76561198025556251",TRUE,FALSE,"Changed from positive to negative"
"76561198025895248",TRUE,TRUE,"Remained positive"
"76561198026608362",TRUE,FALSE,"Changed from positive to negative"
"76561198026618711",TRUE,TRUE,"Remained positive"
"76561198026640986",FALSE,FALSE,"Remained negative"
"76561198026649239",TRUE,FALSE,"Changed from positive to negative"
"76561198026704737",FALSE,FALSE,"Remained negative"
"76561198027170272",TRUE,TRUE,"Remained positive"
"76561198027182384",TRUE,TRUE,"Remained positive"
"76561198027261690",TRUE,TRUE,"Remained positive"
"76561198027272592",TRUE,FALSE,"Changed from positive to negative"
"76561198027310141",TRUE,TRUE,"Remained positive"
"76561198027493902",TRUE,TRUE,"Remained positive"
"76561198027793907",TRUE,TRUE,"Remained positive"
"76561198027885403",TRUE,FALSE,"Changed from positive to negative"
"76561198027902432",TRUE,TRUE,"Remained positive"
"76561198028024054",TRUE,TRUE,"Remained positive"
"76561198028172685",TRUE,TRUE,"Remained positive"
"76561198028516712",TRUE,FALSE,"Changed from positive to negative"
"76561198028528973",TRUE,TRUE,"Remained positive"
"76561198028570547",TRUE,TRUE,"Remained positive"
"76561198028845089",TRUE,TRUE,"Remained positive"
"76561198028849667",TRUE,FALSE,"Changed from positive to negative"
"76561198028876450",TRUE,FALSE,"Changed from positive to negative"
"76561198028993137",TRUE,TRUE,"Remained positive"
"76561198029066019",TRUE,TRUE,"Remained positive"
"76561198029980921",TRUE,TRUE,"Remained positive"
"76561198029995756",TRUE,FALSE,"Changed from positive to negative"
"76561198030004131",FALSE,FALSE,"Remained negative"
"76561198030012931",TRUE,FALSE,"Changed from positive to negative"
"76561198030063283",TRUE,FALSE,"Changed from positive to negative"
"76561198030364020",FALSE,FALSE,"Remained negative"
"76561198030389150",TRUE,FALSE,"Changed from positive to negative"
"76561198030691642",TRUE,FALSE,"Changed from positive to negative"
"76561198030740539",TRUE,TRUE,"Remained positive"
"76561198030765209",TRUE,TRUE,"Remained positive"
"76561198030793148",TRUE,FALSE,"Changed from positive to negative"
"76561198030844920",FALSE,FALSE,"Remained negative"
"76561198030870987",TRUE,TRUE,"Remained positive"
"76561198030911593",TRUE,TRUE,"Remained positive"
"76561198030922378",TRUE,TRUE,"Remained positive"
"76561198030925878",TRUE,TRUE,"Remained positive"
"76561198030947163",TRUE,TRUE,"Remained positive"
"76561198030957339",FALSE,FALSE,"Remained negative"
"76561198031032633",TRUE,TRUE,"Remained positive"
"76561198031044276",TRUE,FALSE,"Changed from positive to negative"
"76561198031061329",TRUE,FALSE,"Changed from positive to negative"
"76561198031061763",TRUE,TRUE,"Remained positive"
"76561198031069575",TRUE,FALSE,"Changed from positive to negative"
"76561198031213687",TRUE,TRUE,"Remained positive"
"76561198031377697",TRUE,TRUE,"Remained positive"
"76561198031407785",TRUE,FALSE,"Changed from positive to negative"
"76561198031540563",TRUE,TRUE,"Remained positive"
"76561198031577801",TRUE,TRUE,"Remained positive"
"76561198031755682",TRUE,FALSE,"Changed from positive to negative"
"76561198031900280",TRUE,TRUE,"Remained positive"
"76561198031937741",TRUE,FALSE,"Changed from positive to negative"
"76561198032028019",FALSE,FALSE,"Remained negative"
"76561198032067594",TRUE,TRUE,"Remained positive"
"76561198032214517",TRUE,TRUE,"Remained positive"
"76561198032290049",TRUE,TRUE,"Remained positive"
"76561198032779016",TRUE,TRUE,"Remained positive"
"76561198032969015",TRUE,TRUE,"Remained positive"
"76561198033049116",TRUE,FALSE,"Changed from positive to negative"
"76561198033084905",TRUE,FALSE,"Changed from positive to negative"
"76561198033463732",FALSE,FALSE,"Remained negative"
"76561198033684702",FALSE,FALSE,"Remained negative"
"76561198033696165",TRUE,TRUE,"Remained positive"
"76561198033739242",TRUE,FALSE,"Changed from positive to negative"
"76561198033775345",TRUE,FALSE,"Changed from positive to negative"
"76561198034082841",TRUE,TRUE,"Remained positive"
"76561198034475687",FALSE,FALSE,"Remained negative"
"76561198034553636",FALSE,FALSE,"Remained negative"
"76561198034700988",TRUE,TRUE,"Remained positive"
"76561198034790082",TRUE,FALSE,"Changed from positive to negative"
"76561198035303725",TRUE,TRUE,"Remained positive"
"76561198035497266",TRUE,TRUE,"Remained positive"
"76561198035671842",TRUE,TRUE,"Remained positive"
"76561198035679641",TRUE,TRUE,"Remained positive"
"76561198035703918",TRUE,TRUE,"Remained positive"
"76561198035704112",TRUE,TRUE,"Remained positive"
"76561198035705706",TRUE,FALSE,"Changed from positive to negative"
"76561198035892501",TRUE,FALSE,"Changed from positive to negative"
"76561198036143656",TRUE,TRUE,"Remained positive"
"76561198036422791",TRUE,TRUE,"Remained positive"
"76561198036465079",FALSE,FALSE,"Remained negative"
"76561198036581589",FALSE,FALSE,"Remained negative"
"76561198036837421",FALSE,TRUE,"Changed from negative to positive"
"76561198037157206",TRUE,FALSE,"Changed from positive to negative"
"76561198037204740",TRUE,FALSE,"Changed from positive to negative"
"76561198037464181",TRUE,TRUE,"Remained positive"
"76561198037583292",TRUE,TRUE,"Remained positive"
"76561198037831266",TRUE,TRUE,"Remained positive"
"76561198037947554",TRUE,TRUE,"Remained positive"
"76561198038148661",TRUE,FALSE,"Changed from positive to negative"
"76561198038307838",TRUE,TRUE,"Remained positive"
"76561198038542513",TRUE,TRUE,"Remained positive"
"76561198038576341",TRUE,FALSE,"Changed from positive to negative"
"76561198038706174",TRUE,FALSE,"Changed from positive to negative"
"76561198038793840",TRUE,FALSE,"Changed from positive to negative"
"76561198038806044",TRUE,FALSE,"Changed from positive to negative"
"76561198038807512",FALSE,FALSE,"Remained negative"
"76561198038865273",TRUE,FALSE,"Changed from positive to negative"
"76561198038887762",TRUE,FALSE,"Changed from positive to negative"
"76561198038966841",TRUE,FALSE,"Changed from positive to negative"
"76561198039088179",TRUE,TRUE,"Remained positive"
"76561198039246892",TRUE,TRUE,"Remained positive"
"76561198039305661",TRUE,TRUE,"Remained positive"
"76561198039363975",TRUE,FALSE,"Changed from positive to negative"
"76561198039547475",TRUE,TRUE,"Remained positive"
"76561198039667801",FALSE,FALSE,"Remained negative"
"76561198039827211",TRUE,TRUE,"Remained positive"
"76561198039828555",TRUE,FALSE,"Changed from positive to negative"
"76561198039944856",FALSE,FALSE,"Remained negative"
"76561198040017060",TRUE,FALSE,"Changed from positive to negative"
"76561198040156730",FALSE,FALSE,"Remained negative"
"76561198040225475",FALSE,TRUE,"Changed from negative to positive"
"76561198040304971",FALSE,FALSE,"Remained negative"
"76561198040433166",TRUE,TRUE,"Remained positive"
"76561198040609039",TRUE,TRUE,"Remained positive"
"76561198040662264",FALSE,FALSE,"Remained negative"
"76561198040691833",TRUE,TRUE,"Remained positive"
"76561198040702032",TRUE,FALSE,"Changed from positive to negative"
"76561198040753783",FALSE,TRUE,"Changed from negative to positive"
"76561198040795175",TRUE,TRUE,"Remained positive"
"76561198041035859",FALSE,FALSE,"Remained negative"
"76561198041371882",TRUE,TRUE,"Remained positive"
"76561198041406776",TRUE,FALSE,"Changed from positive to negative"
"76561198041530055",TRUE,FALSE,"Changed from positive to negative"
"76561198041901724",TRUE,TRUE,"Remained positive"
"76561198041922373",TRUE,FALSE,"Changed from positive to negative"
"76561198041999458",TRUE,TRUE,"Remained positive"
"76561198042093734",TRUE,FALSE,"Changed from positive to negative"
"76561198042297025",TRUE,FALSE,"Changed from positive to negative"
"76561198042480856",TRUE,FALSE,"Changed from positive to negative"
"76561198042485023",TRUE,TRUE,"Remained positive"
"76561198042521835",TRUE,TRUE,"Remained positive"
"76561198042634875",TRUE,FALSE,"Changed from positive to negative"
"76561198042753218",FALSE,FALSE,"Remained negative"
"76561198042917106",TRUE,FALSE,"Changed from positive to negative"
"76561198043177952",TRUE,TRUE,"Remained positive"
"76561198043348116",FALSE,FALSE,"Remained negative"
"76561198043797831",TRUE,FALSE,"Changed from positive to negative"
"76561198043822859",TRUE,FALSE,"Changed from positive to negative"
"76561198043883435",TRUE,TRUE,"Remained positive"
"76561198044014484",TRUE,TRUE,"Remained positive"
"76561198044045700",TRUE,TRUE,"Remained positive"
"76561198044051576",TRUE,TRUE,"Remained positive"
"76561198044091557",TRUE,TRUE,"Remained positive"
"76561198044186103",TRUE,TRUE,"Remained positive"
"76561198044608303",TRUE,TRUE,"Remained positive"
"76561198044870862",TRUE,TRUE,"Remained positive"
"76561198044874039",TRUE,FALSE,"Changed from positive to negative"
"76561198044907348",TRUE,TRUE,"Remained positive"
"76561198045005018",TRUE,FALSE,"Changed from positive to negative"
"76561198045117042",TRUE,TRUE,"Remained positive"
"76561198045191918",TRUE,FALSE,"Changed from positive to negative"
"76561198045281655",TRUE,TRUE,"Remained positive"
"76561198045382256",TRUE,FALSE,"Changed from positive to negative"
"76561198045407045",TRUE,FALSE,"Changed from positive to negative"
"76561198045587981",TRUE,TRUE,"Remained positive"
"76561198045912753",TRUE,TRUE,"Remained positive"
"76561198045996662",TRUE,TRUE,"Remained positive"
"76561198046164393",TRUE,FALSE,"Changed from positive to negative"
"76561198046354205",TRUE,TRUE,"Remained positive"
"76561198046383854",TRUE,TRUE,"Remained positive"
"76561198046387788",TRUE,TRUE,"Remained positive"
"76561198046850071",TRUE,TRUE,"Remained positive"
"76561198046896615",TRUE,TRUE,"Remained positive"
"76561198047780680",TRUE,TRUE,"Remained positive"
"76561198048563581",TRUE,TRUE,"Remained positive"
"76561198048877021",TRUE,TRUE,"Remained positive"
"76561198048923158",FALSE,FALSE,"Remained negative"
"76561198049031939",TRUE,FALSE,"Changed from positive to negative"
"76561198049316493",TRUE,FALSE,"Changed from positive to negative"
"76561198049421597",TRUE,TRUE,"Remained positive"
"76561198049518857",TRUE,TRUE,"Remained positive"
"76561198049784832",TRUE,TRUE,"Remained positive"
"76561198049840778",TRUE,TRUE,"Remained positive"
"76561198050028574",TRUE,TRUE,"Remained positive"
"76561198050100490",FALSE,FALSE,"Remained negative"
"76561198050265747",TRUE,TRUE,"Remained positive"
"76561198050365024",TRUE,TRUE,"Remained positive"
"76561198050507734",FALSE,FALSE,"Remained negative"
"76561198051089581",FALSE,FALSE,"Remained negative"
"76561198051377476",TRUE,FALSE,"Changed from positive to negative"
"76561198051599443",TRUE,TRUE,"Remained positive"
"76561198051700136",TRUE,TRUE,"Remained positive"
"76561198051845450",TRUE,TRUE,"Remained positive"
"76561198052312140",TRUE,FALSE,"Changed from positive to negative"
"76561198052638533",TRUE,TRUE,"Remained positive"
"76561198052736682",TRUE,TRUE,"Remained positive"
"76561198052894822",TRUE,TRUE,"Remained positive"
"76561198052900662",FALSE,FALSE,"Remained negative"
"76561198052936225",TRUE,TRUE,"Remained positive"
"76561198052957689",TRUE,FALSE,"Changed from positive to negative"
"76561198053091217",FALSE,FALSE,"Remained negative"
"76561198053092991",TRUE,TRUE,"Remained positive"
"76561198053476853",TRUE,TRUE,"Remained positive"
"76561198053608427",TRUE,FALSE,"Changed from positive to negative"
"76561198053804394",TRUE,TRUE,"Remained positive"
"76561198053821151",TRUE,TRUE,"Remained positive"
"76561198054121052",TRUE,TRUE,"Remained positive"
"76561198054342996",TRUE,FALSE,"Changed from positive to negative"
"76561198054382377",TRUE,TRUE,"Remained positive"
"76561198054386337",TRUE,FALSE,"Changed from positive to negative"
"76561198054421551",TRUE,TRUE,"Remained positive"
"76561198054513013",TRUE,FALSE,"Changed from positive to negative"
"76561198055235257",TRUE,FALSE,"Changed from positive to negative"
"76561198055280019",TRUE,TRUE,"Remained positive"
"76561198055571049",TRUE,TRUE,"Remained positive"
"76561198055684649",TRUE,FALSE,"Changed from positive to negative"
"76561198055813257",TRUE,TRUE,"Remained positive"
"76561198055859376",TRUE,TRUE,"Remained positive"
"76561198056058383",TRUE,FALSE,"Changed from positive to negative"
"76561198056331296",FALSE,TRUE,"Changed from negative to positive"
"76561198056436993",TRUE,TRUE,"Remained positive"
"76561198056650236",TRUE,TRUE,"Remained positive"
"76561198056763039",TRUE,TRUE,"Remained positive"
"76561198056782115",TRUE,FALSE,"Changed from positive to negative"
"76561198056853064",TRUE,FALSE,"Changed from positive to negative"
"76561198057636263",FALSE,FALSE,"Remained negative"
"76561198057862114",TRUE,FALSE,"Changed from positive to negative"
"76561198057926756",TRUE,TRUE,"Remained positive"
"76561198058144692",TRUE,TRUE,"Remained positive"
"76561198058235922",TRUE,FALSE,"Changed from positive to negative"
"76561198058333116",FALSE,FALSE,"Remained negative"
"76561198058404353",FALSE,FALSE,"Remained negative"
"76561198058437686",TRUE,TRUE,"Remained positive"
"76561198058554133",TRUE,FALSE,"Changed from positive to negative"
"76561198058583821",TRUE,TRUE,"Remained positive"
"76561198058699167",FALSE,FALSE,"Remained negative"
"76561198058764663",TRUE,TRUE,"Remained positive"
"76561198058819175",TRUE,FALSE,"Changed from positive to negative"
"76561198058957834",FALSE,FALSE,"Remained negative"
"76561198059204236",TRUE,FALSE,"Changed from positive to negative"
"76561198059243745",TRUE,FALSE,"Changed from positive to negative"
"76561198059385273",FALSE,FALSE,"Remained negative"
"76561198059527502",TRUE,TRUE,"Remained positive"
"76561198059635872",TRUE,TRUE,"Remained positive"
"76561198059890697",TRUE,FALSE,"Changed from positive to negative"
"76561198060080896",TRUE,TRUE,"Remained positive"
"76561198060814023",FALSE,FALSE,"Remained negative"
"76561198060824923",TRUE,TRUE,"Remained positive"
"76561198061137771",TRUE,FALSE,"Changed from positive to negative"
"76561198061391749",TRUE,TRUE,"Remained positive"
"76561198061428507",TRUE,TRUE,"Remained positive"
"76561198061566608",FALSE,FALSE,"Remained negative"
"76561198061848123",TRUE,TRUE,"Remained positive"
"76561198061904412",TRUE,TRUE,"Remained positive"
"76561198062048242",FALSE,FALSE,"Remained negative"
"76561198062203617",TRUE,FALSE,"Changed from positive to negative"
"76561198062474572",TRUE,FALSE,"Changed from positive to negative"
"76561198062644419",FALSE,TRUE,"Changed from negative to positive"
"76561198062672805",TRUE,TRUE,"Remained positive"
"76561198062919469",TRUE,TRUE,"Remained positive"
"76561198063225648",TRUE,TRUE,"Remained positive"
"76561198063405963",FALSE,FALSE,"Remained negative"
"76561198063592684",TRUE,FALSE,"Changed from positive to negative"
"76561198063628246",TRUE,TRUE,"Remained positive"
"76561198063701378",TRUE,FALSE,"Changed from positive to negative"
"76561198063804025",TRUE,TRUE,"Remained positive"
"76561198063845023",TRUE,TRUE,"Remained positive"
"76561198063889709",TRUE,TRUE,"Remained positive"
"76561198063968636",TRUE,TRUE,"Remained positive"
"76561198063992462",TRUE,TRUE,"Remained positive"
"76561198064162552",FALSE,FALSE,"Remained negative"
"76561198064439937",TRUE,FALSE,"Changed from positive to negative"
"76561198064487345",TRUE,TRUE,"Remained positive"
"76561198064489514",TRUE,TRUE,"Remained positive"
"76561198065037563",TRUE,TRUE,"Remained positive"
"76561198065220941",TRUE,FALSE,"Changed from positive to negative"
"76561198065542317",TRUE,TRUE,"Remained positive"
"76561198065791718",FALSE,FALSE,"Remained negative"
"76561198065901309",TRUE,FALSE,"Changed from positive to negative"
"76561198065937850",FALSE,FALSE,"Remained negative"
"76561198066301959",TRUE,FALSE,"Changed from positive to negative"
"76561198066308660",FALSE,FALSE,"Remained negative"
"76561198066389683",TRUE,TRUE,"Remained positive"
"76561198066410014",TRUE,FALSE,"Changed from positive to negative"
"76561198066411704",TRUE,FALSE,"Changed from positive to negative"
"76561198066541648",TRUE,FALSE,"Changed from positive to negative"
"76561198066640745",TRUE,TRUE,"Remained positive"
"76561198067025442",TRUE,FALSE,"Changed from positive to negative"
"76561198067051058",TRUE,TRUE,"Remained positive"
"76561198067193423",TRUE,TRUE,"Remained positive"
"76561198067663543",TRUE,TRUE,"Remained positive"
"76561198067687129",TRUE,TRUE,"Remained positive"
"76561198067786357",TRUE,TRUE,"Remained positive"
"76561198067824723",TRUE,FALSE,"Changed from positive to negative"
"76561198067870110",TRUE,TRUE,"Remained positive"
"76561198068390175",TRUE,FALSE,"Changed from positive to negative"
"76561198068598519",TRUE,FALSE,"Changed from positive to negative"
"76561198068776234",TRUE,TRUE,"Remained positive"
"76561198068951842",TRUE,TRUE,"Remained positive"
"76561198069605525",TRUE,TRUE,"Remained positive"
"76561198069733933",TRUE,TRUE,"Remained positive"
"76561198069897676",TRUE,TRUE,"Remained positive"
"76561198069965593",FALSE,FALSE,"Remained negative"
"76561198070248275",TRUE,TRUE,"Remained positive"
"76561198070294486",TRUE,FALSE,"Changed from positive to negative"
"76561198070501591",TRUE,FALSE,"Changed from positive to negative"
"76561198070676375",TRUE,TRUE,"Remained positive"
"76561198070681323",TRUE,TRUE,"Remained positive"
"76561198070751607",TRUE,TRUE,"Remained positive"
"76561198071048663",TRUE,TRUE,"Remained positive"
"76561198071444042",TRUE,TRUE,"Remained positive"
"76561198071463543",TRUE,TRUE,"Remained positive"
"76561198071593998",TRUE,FALSE,"Changed from positive to negative"
"76561198071632956",TRUE,TRUE,"Remained positive"
"76561198071668277",TRUE,TRUE,"Remained positive"
"76561198071696381",TRUE,FALSE,"Changed from positive to negative"
"76561198071738523",TRUE,TRUE,"Remained positive"
"76561198072341458",TRUE,FALSE,"Changed from positive to negative"
"76561198072346309",TRUE,TRUE,"Remained positive"
"76561198072454081",TRUE,TRUE,"Remained positive"
"76561198072645338",TRUE,TRUE,"Remained positive"
"76561198072696228",TRUE,FALSE,"Changed from positive to negative"
"76561198072769358",TRUE,FALSE,"Changed from positive to negative"
"76561198073078425",TRUE,FALSE,"Changed from positive to negative"
"76561198073094153",TRUE,TRUE,"Remained positive"
"76561198073225754",TRUE,TRUE,"Remained positive"
"76561198073276513",TRUE,FALSE,"Changed from positive to negative"
"76561198073676115",TRUE,TRUE,"Remained positive"
"76561198073679643",TRUE,TRUE,"Remained positive"
"76561198073762579",TRUE,FALSE,"Changed from positive to negative"
"76561198074293349",TRUE,FALSE,"Changed from positive to negative"
"76561198074346561",TRUE,TRUE,"Remained positive"
"76561198074611708",TRUE,TRUE,"Remained positive"
"76561198075028696",TRUE,TRUE,"Remained positive"
"76561198075761542",TRUE,TRUE,"Remained positive"
"76561198075811141",FALSE,FALSE,"Remained negative"
"76561198076643221",TRUE,TRUE,"Remained positive"
"76561198076708232",TRUE,FALSE,"Changed from positive to negative"
"76561198077443522",TRUE,FALSE,"Changed from positive to negative"
"76561198077569868",TRUE,TRUE,"Remained positive"
"76561198077737904",FALSE,FALSE,"Remained negative"
"76561198078048909",TRUE,FALSE,"Changed from positive to negative"
"76561198078740692",TRUE,TRUE,"Remained positive"
"76561198079094048",TRUE,TRUE,"Remained positive"
"76561198079381652",TRUE,TRUE,"Remained positive"
"76561198079413559",TRUE,TRUE,"Remained positive"
"76561198079422318",TRUE,FALSE,"Changed from positive to negative"
"76561198079516146",TRUE,FALSE,"Changed from positive to negative"
"76561198079570283",TRUE,TRUE,"Remained positive"
"76561198079837152",TRUE,TRUE,"Remained positive"
"76561198080027308",TRUE,TRUE,"Remained positive"
"76561198080178696",TRUE,TRUE,"Remained positive"
"76561198080235356",FALSE,FALSE,"Remained negative"
"76561198080250868",TRUE,TRUE,"Remained positive"
"76561198080334737",TRUE,TRUE,"Remained positive"
"76561198080421295",TRUE,TRUE,"Remained positive"
"76561198080480372",TRUE,TRUE,"Remained positive"
"76561198081054204",TRUE,TRUE,"Remained positive"
"76561198081101195",FALSE,FALSE,"Remained negative"
"76561198081134887",TRUE,FALSE,"Changed from positive to negative"
"76561198081164764",TRUE,TRUE,"Remained positive"
"76561198081191559",TRUE,TRUE,"Remained positive"
"76561198081209566",TRUE,FALSE,"Changed from positive to negative"
"76561198081720299",TRUE,TRUE,"Remained positive"
"76561198081811258",TRUE,FALSE,"Changed from positive to negative"
"76561198081896730",TRUE,TRUE,"Remained positive"
"76561198082258323",TRUE,TRUE,"Remained positive"
"76561198082267645",TRUE,FALSE,"Changed from positive to negative"
"76561198082273759",TRUE,FALSE,"Changed from positive to negative"
"76561198082701470",TRUE,FALSE,"Changed from positive to negative"
"76561198083168492",TRUE,FALSE,"Changed from positive to negative"
"76561198083173640",FALSE,FALSE,"Remained negative"
"76561198083281676",FALSE,TRUE,"Changed from negative to positive"
"76561198083317650",TRUE,FALSE,"Changed from positive to negative"
"76561198083319625",TRUE,TRUE,"Remained positive"
"76561198083588106",TRUE,FALSE,"Changed from positive to negative"
"76561198083621230",TRUE,FALSE,"Changed from positive to negative"
"76561198083821268",TRUE,TRUE,"Remained positive"
"76561198083937502",TRUE,FALSE,"Changed from positive to negative"
"76561198084377807",TRUE,FALSE,"Changed from positive to negative"
"76561198084545727",TRUE,FALSE,"Changed from positive to negative"
"76561198085053589",TRUE,TRUE,"Remained positive"
"76561198085285167",TRUE,FALSE,"Changed from positive to negative"
"76561198085528692",TRUE,TRUE,"Remained positive"
"76561198086032470",TRUE,FALSE,"Changed from positive to negative"
"76561198086441741",FALSE,FALSE,"Remained negative"
"76561198087564018",TRUE,TRUE,"Remained positive"
"76561198087816621",TRUE,TRUE,"Remained positive"
"76561198087931355",TRUE,FALSE,"Changed from positive to negative"
"76561198087956227",TRUE,TRUE,"Remained positive"
"76561198088198272",TRUE,FALSE,"Changed from positive to negative"
"76561198088334775",TRUE,FALSE,"Changed from positive to negative"
"76561198088447749",TRUE,TRUE,"Remained positive"
"76561198088944628",TRUE,TRUE,"Remained positive"
"76561198089147898",TRUE,FALSE,"Changed from positive to negative"
"76561198089271954",TRUE,FALSE,"Changed from positive to negative"
"76561198089511062",FALSE,FALSE,"Remained negative"
"76561198089662418",TRUE,TRUE,"Remained positive"
"76561198089680190",TRUE,TRUE,"Remained positive"
"76561198089710414",TRUE,FALSE,"Changed from positive to negative"
"76561198089735476",TRUE,FALSE,"Changed from positive to negative"
"76561198090426244",TRUE,FALSE,"Changed from positive to negative"
"76561198090464534",FALSE,FALSE,"Remained negative"
"76561198091559565",TRUE,FALSE,"Changed from positive to negative"
"76561198091691981",TRUE,TRUE,"Remained positive"
"76561198091796335",TRUE,TRUE,"Remained positive"
"76561198091814189",TRUE,FALSE,"Changed from positive to negative"
"76561198091839082",FALSE,FALSE,"Remained negative"
"76561198092310625",FALSE,FALSE,"Remained negative"
"76561198092399348",TRUE,TRUE,"Remained positive"
"76561198092563412",TRUE,TRUE,"Remained positive"
"76561198092885129",TRUE,TRUE,"Remained positive"
"76561198093030784",FALSE,FALSE,"Remained negative"
"76561198093035289",TRUE,FALSE,"Changed from positive to negative"
"76561198093185858",TRUE,FALSE,"Changed from positive to negative"
"76561198093524426",TRUE,TRUE,"Remained positive"
"76561198093726039",TRUE,TRUE,"Remained positive"
"76561198093821991",TRUE,TRUE,"Remained positive"
"76561198093914257",TRUE,FALSE,"Changed from positive to negative"
"76561198094044690",FALSE,FALSE,"Remained negative"
"76561198094329599",TRUE,FALSE,"Changed from positive to negative"
"76561198094417511",TRUE,TRUE,"Remained positive"
"76561198094731109",TRUE,FALSE,"Changed from positive to negative"
"76561198094808625",TRUE,FALSE,"Changed from positive to negative"
"76561198095171406",TRUE,TRUE,"Remained positive"
"76561198095277226",TRUE,FALSE,"Changed from positive to negative"
"76561198095464104",FALSE,FALSE,"Remained negative"
"76561198095518553",TRUE,FALSE,"Changed from positive to negative"
"76561198095557565",FALSE,FALSE,"Remained negative"
"76561198095895777",TRUE,TRUE,"Remained positive"
"76561198095920101",TRUE,FALSE,"Changed from positive to negative"
"76561198095941736",TRUE,FALSE,"Changed from positive to negative"
"76561198096711630",TRUE,TRUE,"Remained positive"
"76561198096948408",FALSE,FALSE,"Remained negative"
"76561198096954289",TRUE,TRUE,"Remained positive"
"76561198097240433",TRUE,FALSE,"Changed from positive to negative"
"76561198097281533",TRUE,TRUE,"Remained positive"
"76561198097448388",FALSE,FALSE,"Remained negative"
"76561198097464848",TRUE,TRUE,"Remained positive"
"76561198097621549",TRUE,TRUE,"Remained positive"
"76561198097669060",FALSE,FALSE,"Remained negative"
"76561198098323554",TRUE,FALSE,"Changed from positive to negative"
"76561198098512479",FALSE,FALSE,"Remained negative"
"76561198098789683",TRUE,FALSE,"Changed from positive to negative"
"76561198098877940",TRUE,FALSE,"Changed from positive to negative"
"76561198099443726",TRUE,FALSE,"Changed from positive to negative"
"76561198099682237",TRUE,TRUE,"Remained positive"
"76561198099887354",TRUE,FALSE,"Changed from positive to negative"
"76561198100186884",TRUE,FALSE,"Changed from positive to negative"
"76561198100221418",TRUE,TRUE,"Remained positive"
"76561198100977158",FALSE,FALSE,"Remained negative"
"76561198101184197",TRUE,FALSE,"Changed from positive to negative"
"76561198101427512",FALSE,TRUE,"Changed from negative to positive"
"76561198101428250",TRUE,TRUE,"Remained positive"
"76561198101445411",FALSE,FALSE,"Remained negative"
"76561198101458712",TRUE,TRUE,"Remained positive"
"76561198101608496",FALSE,FALSE,"Remained negative"
"76561198101679341",TRUE,FALSE,"Changed from positive to negative"
"76561198101875643",TRUE,TRUE,"Remained positive"
"76561198101907677",TRUE,FALSE,"Changed from positive to negative"
"76561198102147849",TRUE,TRUE,"Remained positive"
"76561198102383904",TRUE,FALSE,"Changed from positive to negative"
"76561198102403318",TRUE,FALSE,"Changed from positive to negative"
"76561198103017929",FALSE,FALSE,"Remained negative"
"76561198103220177",TRUE,FALSE,"Changed from positive to negative"
"76561198103269467",TRUE,FALSE,"Changed from positive to negative"
"76561198103609216",TRUE,FALSE,"Changed from positive to negative"
"76561198103638510",FALSE,FALSE,"Remained negative"
"76561198103955790",TRUE,TRUE,"Remained positive"
"76561198104022719",TRUE,TRUE,"Remained positive"
"76561198104682291",TRUE,TRUE,"Remained positive"
"76561198105195595",TRUE,TRUE,"Remained positive"
"76561198105690823",TRUE,TRUE,"Remained positive"
"76561198105837502",TRUE,FALSE,"Changed from positive to negative"
"76561198105992105",TRUE,TRUE,"Remained positive"
"76561198106048465",TRUE,TRUE,"Remained positive"
"76561198106085467",TRUE,TRUE,"Remained positive"
"76561198106370652",TRUE,FALSE,"Changed from positive to negative"
"76561198106474117",TRUE,FALSE,"Changed from positive to negative"
"76561198106507783",TRUE,TRUE,"Remained positive"
"76561198106622502",TRUE,TRUE,"Remained positive"
"76561198107541078",TRUE,TRUE,"Remained positive"
"76561198107675235",TRUE,FALSE,"Changed from positive to negative"
"76561198107975234",TRUE,TRUE,"Remained positive"
"76561198108260976",TRUE,TRUE,"Remained positive"
"76561198108734757",TRUE,FALSE,"Changed from positive to negative"
"76561198109236414",TRUE,TRUE,"Remained positive"
"76561198109618042",TRUE,FALSE,"Changed from positive to negative"
"76561198109639199",TRUE,FALSE,"Changed from positive to negative"
"76561198109889839",TRUE,TRUE,"Remained positive"
"76561198110033098",TRUE,TRUE,"Remained positive"
"76561198110048088",TRUE,TRUE,"Remained positive"
"76561198110362534",TRUE,TRUE,"Remained positive"
"76561198110452397",TRUE,TRUE,"Remained positive"
"76561198111314804",TRUE,TRUE,"Remained positive"
"76561198111358782",TRUE,TRUE,"Remained positive"
"76561198112157452",TRUE,FALSE,"Changed from positive to negative"
"76561198112665028",TRUE,TRUE,"Remained positive"
"76561198112674783",TRUE,TRUE,"Remained positive"
"76561198113095925",TRUE,TRUE,"Remained positive"
"76561198113103902",TRUE,TRUE,"Remained positive"
"76561198113168768",TRUE,FALSE,"Changed from positive to negative"
"76561198113464317",TRUE,TRUE,"Remained positive"
"76561198114852763",TRUE,FALSE,"Changed from positive to negative"
"76561198115664314",TRUE,TRUE,"Remained positive"
"76561198115673632",FALSE,FALSE,"Remained negative"
"76561198115980388",TRUE,TRUE,"Remained positive"
"76561198116039730",TRUE,TRUE,"Remained positive"
"76561198116076826",TRUE,FALSE,"Changed from positive to negative"
"76561198116097410",TRUE,FALSE,"Changed from positive to negative"
"76561198116124263",TRUE,TRUE,"Remained positive"
"76561198116462043",FALSE,FALSE,"Remained negative"
"76561198116700284",TRUE,TRUE,"Remained positive"
"76561198116810637",TRUE,TRUE,"Remained positive"
"76561198116858917",TRUE,FALSE,"Changed from positive to negative"
"76561198117378952",TRUE,TRUE,"Remained positive"
"76561198117599949",TRUE,FALSE,"Changed from positive to negative"
"76561198118175066",TRUE,TRUE,"Remained positive"
"76561198118247039",TRUE,TRUE,"Remained positive"
"76561198118408415",TRUE,FALSE,"Changed from positive to negative"
"76561198118829832",TRUE,TRUE,"Remained positive"
"76561198119057299",TRUE,FALSE,"Changed from positive to negative"
"76561198119511756",TRUE,TRUE,"Remained positive"
"76561198119596346",TRUE,TRUE,"Remained positive"
"76561198120133874",TRUE,TRUE,"Remained positive"
"76561198120319302",FALSE,FALSE,"Remained negative"
"76561198120844056",TRUE,FALSE,"Changed from positive to negative"
"76561198122153054",TRUE,TRUE,"Remained positive"
"76561198122692517",TRUE,FALSE,"Changed from positive to negative"
"76561198123305993",TRUE,TRUE,"Remained positive"
"76561198123324940",TRUE,FALSE,"Changed from positive to negative"
"76561198124129858",TRUE,TRUE,"Remained positive"
"76561198124420167",TRUE,TRUE,"Remained positive"
"76561198124455420",TRUE,TRUE,"Remained positive"
"76561198124997255",FALSE,FALSE,"Remained negative"
"76561198125799052",TRUE,TRUE,"Remained positive"
"76561198126336778",TRUE,FALSE,"Changed from positive to negative"
"76561198126537443",TRUE,TRUE,"Remained positive"
"76561198126553621",FALSE,FALSE,"Remained negative"
"76561198126731783",TRUE,TRUE,"Remained positive"
"76561198126796378",TRUE,TRUE,"Remained positive"
"76561198126991897",TRUE,TRUE,"Remained positive"
"76561198127060002",TRUE,TRUE,"Remained positive"
"76561198128065891",TRUE,FALSE,"Changed from positive to negative"
"76561198128096152",TRUE,FALSE,"Changed from positive to negative"
"76561198128327824",TRUE,FALSE,"Changed from positive to negative"
"76561198128360909",TRUE,TRUE,"Remained positive"
"76561198128733615",FALSE,FALSE,"Remained negative"
"76561198129069083",TRUE,TRUE,"Remained positive"
"76561198129197198",TRUE,TRUE,"Remained positive"
"76561198129549001",TRUE,FALSE,"Changed from positive to negative"
"76561198129722193",TRUE,TRUE,"Remained positive"
"76561198129801053",TRUE,FALSE,"Changed from positive to negative"
"76561198130008433",TRUE,TRUE,"Remained positive"
"76561198130122022",TRUE,TRUE,"Remained positive"
"76561198130586286",FALSE,FALSE,"Remained negative"
"76561198130718039",TRUE,FALSE,"Changed from positive to negative"
"76561198130726716",TRUE,TRUE,"Remained positive"
"76561198130876329",TRUE,FALSE,"Changed from positive to negative"
"76561198131371571",TRUE,TRUE,"Remained positive"
"76561198131644738",FALSE,FALSE,"Remained negative"
"76561198131860275",TRUE,TRUE,"Remained positive"
"76561198132591402",TRUE,TRUE,"Remained positive"
"76561198133002967",TRUE,TRUE,"Remained positive"
"76561198133133698",TRUE,FALSE,"Changed from positive to negative"
"76561198133864211",TRUE,TRUE,"Remained positive"
"76561198133913166",TRUE,TRUE,"Remained positive"
"76561198134116591",FALSE,FALSE,"Remained negative"
"76561198134789513",FALSE,FALSE,"Remained negative"
"76561198134822288",TRUE,TRUE,"Remained positive"
"76561198134897311",TRUE,TRUE,"Remained positive"
"76561198135227449",TRUE,TRUE,"Remained positive"
"76561198135263275",TRUE,TRUE,"Remained positive"
"76561198135329721",TRUE,TRUE,"Remained positive"
"76561198135408680",FALSE,FALSE,"Remained negative"
"76561198135592552",TRUE,FALSE,"Changed from positive to negative"
"76561198136007789",TRUE,FALSE,"Changed from positive to negative"
"76561198136029781",TRUE,TRUE,"Remained positive"
"76561198136034543",TRUE,FALSE,"Changed from positive to negative"
"76561198136475728",TRUE,TRUE,"Remained positive"
"76561198136586472",FALSE,FALSE,"Remained negative"
"76561198136730839",TRUE,TRUE,"Remained positive"
"76561198136752441",TRUE,FALSE,"Changed from positive to negative"
"76561198136869232",TRUE,FALSE,"Changed from positive to negative"
"76561198137306483",TRUE,TRUE,"Remained positive"
"76561198137481268",FALSE,FALSE,"Remained negative"
"76561198137710504",TRUE,FALSE,"Changed from positive to negative"
"76561198137981829",TRUE,FALSE,"Changed from positive to negative"
"76561198138240610",TRUE,TRUE,"Remained positive"
"76561198138518244",TRUE,FALSE,"Changed from positive to negative"
"76561198138662045",TRUE,TRUE,"Remained positive"
"76561198138899625",TRUE,FALSE,"Changed from positive to negative"
"76561198138965188",TRUE,TRUE,"Remained positive"
"76561198139366377",FALSE,FALSE,"Remained negative"
"76561198139469951",TRUE,FALSE,"Changed from positive to negative"
"76561198140189947",FALSE,FALSE,"Remained negative"
"76561198140433122",TRUE,TRUE,"Remained positive"
"76561198140445541",TRUE,FALSE,"Changed from positive to negative"
"76561198140515379",TRUE,FALSE,"Changed from positive to negative"
"76561198141502634",TRUE,TRUE,"Remained positive"
"76561198141721177",FALSE,FALSE,"Remained negative"
"76561198141723645",TRUE,TRUE,"Remained positive"
"76561198142028552",TRUE,TRUE,"Remained positive"
"76561198142077483",TRUE,TRUE,"Remained positive"
"76561198142121917",TRUE,TRUE,"Remained positive"
"76561198142500272",TRUE,FALSE,"Changed from positive to negative"
"76561198142920868",TRUE,FALSE,"Changed from positive to negative"
"76561198143570811",TRUE,FALSE,"Changed from positive to negative"
"76561198143677537",TRUE,FALSE,"Changed from positive to negative"
"76561198143751290",TRUE,FALSE,"Changed from positive to negative"
"76561198143941458",FALSE,FALSE,"Remained negative"
"76561198144547927",TRUE,FALSE,"Changed from positive to negative"
"76561198144677079",TRUE,FALSE,"Changed from positive to negative"
"76561198145799371",TRUE,FALSE,"Changed from positive to negative"
"76561198145851418",TRUE,TRUE,"Remained positive"
"76561198145917930",FALSE,FALSE,"Remained negative"
"76561198146596438",TRUE,TRUE,"Remained positive"
"76561198146960618",TRUE,TRUE,"Remained positive"
"76561198147074535",TRUE,FALSE,"Changed from positive to negative"
"76561198147179296",TRUE,TRUE,"Remained positive"
"76561198147732173",TRUE,FALSE,"Changed from positive to negative"
"76561198147801869",TRUE,FALSE,"Changed from positive to negative"
"76561198147817666",TRUE,FALSE,"Changed from positive to negative"
"76561198148262053",TRUE,TRUE,"Remained positive"
"76561198148396437",TRUE,TRUE,"Remained positive"
"76561198148800789",TRUE,FALSE,"Changed from positive to negative"
"76561198148822036",TRUE,TRUE,"Remained positive"
"76561198149022753",TRUE,TRUE,"Remained positive"
"76561198149179070",TRUE,TRUE,"Remained positive"
"76561198149517544",FALSE,FALSE,"Remained negative"
"76561198149925121",TRUE,TRUE,"Remained positive"
"76561198150502933",TRUE,TRUE,"Remained positive"
"76561198150652391",TRUE,FALSE,"Changed from positive to negative"
"76561198150753944",TRUE,TRUE,"Remained positive"
"76561198150793511",FALSE,FALSE,"Remained negative"
"76561198151021837",TRUE,TRUE,"Remained positive"
"76561198151067693",TRUE,FALSE,"Changed from positive to negative"
"76561198151068373",TRUE,FALSE,"Changed from positive to negative"
"76561198151945548",TRUE,FALSE,"Changed from positive to negative"
"76561198152064507",TRUE,FALSE,"Changed from positive to negative"
"76561198152533757",TRUE,TRUE,"Remained positive"
"76561198152650769",TRUE,TRUE,"Remained positive"
"76561198153728360",TRUE,TRUE,"Remained positive"
"76561198153764435",FALSE,FALSE,"Remained negative"
"76561198154661855",TRUE,TRUE,"Remained positive"
"76561198154956227",TRUE,TRUE,"Remained positive"
"76561198156050900",FALSE,FALSE,"Remained negative"
"76561198156959524",TRUE,TRUE,"Remained positive"
"76561198157324026",TRUE,FALSE,"Changed from positive to negative"
"76561198158372197",TRUE,TRUE,"Remained positive"
"76561198158624709",FALSE,FALSE,"Remained negative"
"76561198158704027",TRUE,FALSE,"Changed from positive to negative"
"76561198160029266",TRUE,TRUE,"Remained positive"
"76561198160184845",TRUE,FALSE,"Changed from positive to negative"
"76561198160252975",FALSE,FALSE,"Remained negative"
"76561198161037888",FALSE,FALSE,"Remained negative"
"76561198161624323",TRUE,TRUE,"Remained positive"
"76561198162500070",TRUE,TRUE,"Remained positive"
"76561198162546488",TRUE,TRUE,"Remained positive"
"76561198162579141",TRUE,FALSE,"Changed from positive to negative"
"76561198162599642",TRUE,TRUE,"Remained positive"
"76561198162675976",TRUE,FALSE,"Changed from positive to negative"
"76561198162808539",TRUE,TRUE,"Remained positive"
"76561198162847929",TRUE,TRUE,"Remained positive"
"76561198163024106",TRUE,FALSE,"Changed from positive to negative"
"76561198163579045",TRUE,TRUE,"Remained positive"
"76561198164231031",TRUE,TRUE,"Remained positive"
"76561198165051736",TRUE,TRUE,"Remained positive"
"76561198165160780",FALSE,FALSE,"Remained negative"
"76561198165364935",TRUE,FALSE,"Changed from positive to negative"
"76561198166113158",TRUE,TRUE,"Remained positive"
"76561198166320654",FALSE,FALSE,"Remained negative"
"76561198167061803",TRUE,TRUE,"Remained positive"
"76561198167678924",TRUE,FALSE,"Changed from positive to negative"
"76561198167824690",TRUE,TRUE,"Remained positive"
"76561198168359595",TRUE,TRUE,"Remained positive"
"76561198169467334",TRUE,FALSE,"Changed from positive to negative"
"76561198169784689",FALSE,FALSE,"Remained negative"
"76561198169818397",TRUE,FALSE,"Changed from positive to negative"
"76561198170178586",TRUE,TRUE,"Remained positive"
"76561198170429509",TRUE,TRUE,"Remained positive"
"76561198170845509",TRUE,TRUE,"Remained positive"
"76561198171164763",TRUE,TRUE,"Remained positive"
"76561198171199266",TRUE,TRUE,"Remained positive"
"76561198171269699",TRUE,TRUE,"Remained positive"
"76561198171409599",TRUE,FALSE,"Changed from positive to negative"
"76561198172120090",TRUE,FALSE,"Changed from positive to negative"
"76561198172257777",TRUE,FALSE,"Changed from positive to negative"
"76561198172316014",TRUE,FALSE,"Changed from positive to negative"
"76561198172622263",TRUE,TRUE,"Remained positive"
"76561198172940615",TRUE,TRUE,"Remained positive"
"76561198173759919",TRUE,FALSE,"Changed from positive to negative"
"76561198173997374",TRUE,TRUE,"Remained positive"
"76561198174765474",TRUE,TRUE,"Remained positive"
"76561198175654693",TRUE,TRUE,"Remained positive"
"76561198175737021",TRUE,FALSE,"Changed from positive to negative"
"76561198176753199",TRUE,TRUE,"Remained positive"
"76561198177538511",TRUE,TRUE,"Remained positive"
"76561198178369701",TRUE,TRUE,"Remained positive"
"76561198180220587",TRUE,FALSE,"Changed from positive to negative"
"76561198180275718",FALSE,FALSE,"Remained negative"
"76561198180918329",TRUE,TRUE,"Remained positive"
"76561198181721735",TRUE,TRUE,"Remained positive"
"76561198182921893",TRUE,TRUE,"Remained positive"
"76561198182950299",TRUE,TRUE,"Remained positive"
"76561198183396051",TRUE,FALSE,"Changed from positive to negative"
"76561198184625055",TRUE,TRUE,"Remained positive"
"76561198185567279",TRUE,FALSE,"Changed from positive to negative"
"76561198185571906",FALSE,FALSE,"Remained negative"
"76561198185976119",TRUE,FALSE,"Changed from positive to negative"
"76561198186323455",TRUE,TRUE,"Remained positive"
"76561198186491850",TRUE,FALSE,"Changed from positive to negative"
"76561198187956858",TRUE,FALSE,"Changed from positive to negative"
"76561198191394241",TRUE,FALSE,"Changed from positive to negative"
"76561198191707174",TRUE,FALSE,"Changed from positive to negative"
"76561198193211094",TRUE,FALSE,"Changed from positive to negative"
"76561198193469991",TRUE,TRUE,"Remained positive"
"76561198193812002",TRUE,FALSE,"Changed from positive to negative"
"76561198194459031",TRUE,TRUE,"Remained positive"
"76561198195847609",FALSE,FALSE,"Remained negative"
"76561198196531498",TRUE,FALSE,"Changed from positive to negative"
"76561198197274550",TRUE,TRUE,"Remained positive"
"76561198198340193",TRUE,TRUE,"Remained positive"
"76561198198352866",TRUE,FALSE,"Changed from positive to negative"
"76561198198945125",TRUE,FALSE,"Changed from positive to negative"
"76561198199324985",FALSE,TRUE,"Changed from negative to positive"
"76561198199494641",TRUE,TRUE,"Remained positive"
"76561198201662429",TRUE,TRUE,"Remained positive"
"76561198201996746",TRUE,FALSE,"Changed from positive to negative"
"76561198202023932",FALSE,FALSE,"Remained negative"
"76561198202567087",TRUE,FALSE,"Changed from positive to negative"
"76561198202747164",TRUE,TRUE,"Remained positive"
"76561198203224235",TRUE,TRUE,"Remained positive"
"76561198203427608",TRUE,TRUE,"Remained positive"
"76561198203812617",TRUE,TRUE,"Remained positive"
"76561198205163449",TRUE,FALSE,"Changed from positive to negative"
"76561198207010743",TRUE,FALSE,"Changed from positive to negative"
"76561198207016229",TRUE,TRUE,"Remained positive"
"76561198207155443",TRUE,FALSE,"Changed from positive to negative"
"76561198207370123",TRUE,FALSE,"Changed from positive to negative"
"76561198207392623",TRUE,FALSE,"Changed from positive to negative"
"76561198207507108",TRUE,TRUE,"Remained positive"
"76561198207603940",TRUE,TRUE,"Remained positive"
"76561198207708016",TRUE,TRUE,"Remained positive"
"76561198207742255",TRUE,TRUE,"Remained positive"
"76561198208041552",TRUE,TRUE,"Remained positive"
"76561198208889760",TRUE,FALSE,"Changed from positive to negative"
"76561198208946425",TRUE,TRUE,"Remained positive"
"76561198209227515",TRUE,TRUE,"Remained positive"
"76561198209413763",FALSE,FALSE,"Remained negative"
"76561198209752279",TRUE,TRUE,"Remained positive"
"76561198210168544",TRUE,TRUE,"Remained positive"
"76561198210375340",FALSE,FALSE,"Remained negative"
"76561198210865073",TRUE,TRUE,"Remained positive"
"76561198211333185",TRUE,TRUE,"Remained positive"
"76561198213318988",TRUE,FALSE,"Changed from positive to negative"
"76561198213797061",TRUE,TRUE,"Remained positive"
"76561198213887828",TRUE,FALSE,"Changed from positive to negative"
"76561198214348240",TRUE,FALSE,"Changed from positive to negative"
"76561198215068648",FALSE,FALSE,"Remained negative"
"76561198215871957",TRUE,FALSE,"Changed from positive to negative"
"76561198215986068",TRUE,TRUE,"Remained positive"
"76561198216271759",TRUE,FALSE,"Changed from positive to negative"
"76561198216294295",TRUE,TRUE,"Remained positive"
"76561198216491999",TRUE,TRUE,"Remained positive"
"76561198216683912",TRUE,TRUE,"Remained positive"
"76561198217506504",FALSE,FALSE,"Remained negative"
"76561198217643605",TRUE,TRUE,"Remained positive"
"76561198219080051",TRUE,TRUE,"Remained positive"
"76561198219094965",TRUE,FALSE,"Changed from positive to negative"
"76561198219132285",TRUE,TRUE,"Remained positive"
"76561198219347195",TRUE,FALSE,"Changed from positive to negative"
"76561198219771103",TRUE,FALSE,"Changed from positive to negative"
"76561198224248672",TRUE,FALSE,"Changed from positive to negative"
"76561198225574932",TRUE,FALSE,"Changed from positive to negative"
"76561198225663920",TRUE,TRUE,"Remained positive"
"76561198229838408",FALSE,FALSE,"Remained negative"
"76561198230385192",TRUE,FALSE,"Changed from positive to negative"
"76561198231462032",TRUE,TRUE,"Remained positive"
"76561198232282868",TRUE,FALSE,"Changed from positive to negative"
"76561198237282018",FALSE,FALSE,"Remained negative"
"76561198237974028",TRUE,TRUE,"Remained positive"
"76561198238219634",FALSE,FALSE,"Remained negative"
"76561198239473292",TRUE,TRUE,"Remained positive"
"76561198239948034",TRUE,TRUE,"Remained positive"
"76561198240300264",TRUE,FALSE,"Changed from positive to negative"
"76561198240381076",FALSE,FALSE,"Remained negative"
"76561198241553306",TRUE,FALSE,"Changed from positive to negative"
"76561198241781258",TRUE,TRUE,"Remained positive"
"76561198242056798",TRUE,TRUE,"Remained positive"
"76561198242471440",TRUE,FALSE,"Changed from positive to negative"
"76561198242985448",TRUE,FALSE,"Changed from positive to negative"
"76561198243113686",TRUE,TRUE,"Remained positive"
"76561198243437536",TRUE,TRUE,"Remained positive"
"76561198244617340",FALSE,FALSE,"Remained negative"
"76561198244794808",FALSE,FALSE,"Remained negative"
"76561198245506544",TRUE,TRUE,"Remained positive"
"76561198246570810",TRUE,TRUE,"Remained positive"
"76561198246613536",TRUE,FALSE,"Changed from positive to negative"
"76561198248398810",TRUE,TRUE,"Remained positive"
"76561198248429670",TRUE,TRUE,"Remained positive"
"76561198249118870",TRUE,TRUE,"Remained positive"
"76561198249485462",TRUE,FALSE,"Changed from positive to negative"
"76561198253533854",TRUE,TRUE,"Remained positive"
"76561198254447375",FALSE,FALSE,"Remained negative"
"76561198254865881",TRUE,TRUE,"Remained positive"
"76561198255000054",TRUE,TRUE,"Remained positive"
"76561198255790329",TRUE,FALSE,"Changed from positive to negative"
"76561198255949706",TRUE,TRUE,"Remained positive"
"76561198256154759",TRUE,FALSE,"Changed from positive to negative"
"76561198256490489",TRUE,FALSE,"Changed from positive to negative"
"76561198256636195",TRUE,FALSE,"Changed from positive to negative"
"76561198256853052",TRUE,TRUE,"Remained positive"
"76561198256941240",TRUE,FALSE,"Changed from positive to negative"
"76561198258779843",TRUE,TRUE,"Remained positive"
"76561198260642995",TRUE,TRUE,"Remained positive"
"76561198262779644",TRUE,FALSE,"Changed from positive to negative"
"76561198262836435",TRUE,TRUE,"Remained positive"
"76561198262866342",TRUE,TRUE,"Remained positive"
"76561198263320712",TRUE,FALSE,"Changed from positive to negative"
"76561198263332662",TRUE,TRUE,"Remained positive"
"76561198263844494",FALSE,FALSE,"Remained negative"
"76561198264144701",FALSE,FALSE,"Remained negative"
"76561198264405515",TRUE,TRUE,"Remained positive"
"76561198264908027",FALSE,FALSE,"Remained negative"
"76561198265281690",TRUE,FALSE,"Changed from positive to negative"
"76561198266319432",TRUE,FALSE,"Changed from positive to negative"
"76561198266861694",TRUE,TRUE,"Remained positive"
"76561198267579930",TRUE,FALSE,"Changed from positive to negative"
"76561198268736808",TRUE,TRUE,"Remained positive"
"76561198270008257",TRUE,TRUE,"Remained positive"
"76561198271102139",TRUE,FALSE,"Changed from positive to negative"
"76561198271244177",TRUE,TRUE,"Remained positive"
"76561198271834326",TRUE,TRUE,"Remained positive"
"76561198272751629",TRUE,TRUE,"Remained positive"
"76561198273218195",TRUE,TRUE,"Remained positive"
"76561198273238426",TRUE,TRUE,"Remained positive"
"76561198273529066",TRUE,FALSE,"Changed from positive to negative"
"76561198273842627",TRUE,FALSE,"Changed from positive to negative"
"76561198273940006",TRUE,FALSE,"Changed from positive to negative"
"76561198274595641",TRUE,FALSE,"Changed from positive to negative"
"76561198274650416",TRUE,FALSE,"Changed from positive to negative"
"76561198274674465",FALSE,FALSE,"Remained negative"
"76561198275352373",TRUE,TRUE,"Remained positive"
"76561198275721387",TRUE,TRUE,"Remained positive"
"76561198275766152",TRUE,FALSE,"Changed from positive to negative"
"76561198276811390",TRUE,TRUE,"Remained positive"
"76561198277225306",TRUE,TRUE,"Remained positive"
"76561198277428963",TRUE,TRUE,"Remained positive"
"76561198277674331",FALSE,FALSE,"Remained negative"
"76561198278669121",TRUE,TRUE,"Remained positive"
"76561198279485071",TRUE,FALSE,"Changed from positive to negative"
"76561198280408800",TRUE,TRUE,"Remained positive"
"76561198281344578",TRUE,TRUE,"Remained positive"
"76561198281874786",TRUE,FALSE,"Changed from positive to negative"
"76561198282803531",FALSE,FALSE,"Remained negative"
"76561198282827209",TRUE,TRUE,"Remained positive"
"76561198283046696",TRUE,TRUE,"Remained positive"
"76561198285049960",TRUE,FALSE,"Changed from positive to negative"
"76561198285912362",TRUE,FALSE,"Changed from positive to negative"
"76561198285961838",TRUE,TRUE,"Remained positive"
"76561198286065909",TRUE,FALSE,"Changed from positive to negative"
"76561198287407635",TRUE,FALSE,"Changed from positive to negative"
"76561198288088530",FALSE,FALSE,"Remained negative"
"76561198288311273",TRUE,TRUE,"Remained positive"
"76561198288357909",TRUE,TRUE,"Remained positive"
"76561198288877159",TRUE,TRUE,"Remained positive"
"76561198289166237",TRUE,TRUE,"Remained positive"
"76561198289988185",TRUE,TRUE,"Remained positive"
"76561198289989110",TRUE,TRUE,"Remained positive"
"76561198290013034",TRUE,TRUE,"Remained positive"
"76561198291871261",TRUE,FALSE,"Changed from positive to negative"
"76561198292302669",TRUE,TRUE,"Remained positive"
"76561198293705920",TRUE,TRUE,"Remained positive"
"76561198295011115",FALSE,FALSE,"Remained negative"
"76561198295589255",TRUE,TRUE,"Remained positive"
"76561198295902979",FALSE,FALSE,"Remained negative"
"76561198297563815",TRUE,TRUE,"Remained positive"
"76561198299112776",TRUE,FALSE,"Changed from positive to negative"
"76561198299120365",TRUE,FALSE,"Changed from positive to negative"
"76561198299699363",TRUE,TRUE,"Remained positive"
"76561198300210190",TRUE,FALSE,"Changed from positive to negative"
"76561198301174479",TRUE,FALSE,"Changed from positive to negative"
"76561198301477116",TRUE,TRUE,"Remained positive"
"76561198303057050",TRUE,TRUE,"Remained positive"
"76561198304512726",TRUE,FALSE,"Changed from positive to negative"
"76561198306637599",TRUE,TRUE,"Remained positive"
"76561198306651743",TRUE,FALSE,"Changed from positive to negative"
"76561198307096694",TRUE,TRUE,"Remained positive"
"76561198307123866",TRUE,TRUE,"Remained positive"
"76561198308825131",TRUE,TRUE,"Remained positive"
"76561198308848559",TRUE,FALSE,"Changed from positive to negative"
"76561198308871459",TRUE,TRUE,"Remained positive"
"76561198309463159",TRUE,TRUE,"Remained positive"
"76561198309526660",TRUE,FALSE,"Changed from positive to negative"
"76561198310564980",FALSE,FALSE,"Remained negative"
"76561198312585975",FALSE,FALSE,"Remained negative"
"76561198313972097",FALSE,FALSE,"Remained negative"
"76561198313989905",TRUE,TRUE,"Remained positive"
"76561198314571953",TRUE,TRUE,"Remained positive"
"76561198314945106",FALSE,FALSE,"Remained negative"
"76561198315102191",TRUE,TRUE,"Remained positive"
"76561198315174554",TRUE,FALSE,"Changed from positive to negative"
"76561198315461101",FALSE,FALSE,"Remained negative"
"76561198315470635",FALSE,FALSE,"Remained negative"
"76561198315555969",FALSE,FALSE,"Remained negative"
"76561198316070481",TRUE,TRUE,"Remained positive"
"76561198316296528",FALSE,FALSE,"Remained negative"
"76561198316546640",TRUE,TRUE,"Remained positive"
"76561198316720769",TRUE,FALSE,"Changed from positive to negative"
"76561198317147790",TRUE,TRUE,"Remained positive"
"76561198317487158",TRUE,TRUE,"Remained positive"
"76561198318823572",TRUE,FALSE,"Changed from positive to negative"
"76561198319471587",TRUE,FALSE,"Changed from positive to negative"
"76561198319528544",TRUE,TRUE,"Remained positive"
"76561198319632572",TRUE,TRUE,"Remained positive"
"76561198319900427",TRUE,TRUE,"Remained positive"
"76561198320093403",TRUE,FALSE,"Changed from positive to negative"
"76561198320559611",TRUE,TRUE,"Remained positive"
"76561198321066427",TRUE,TRUE,"Remained positive"
"76561198321131936",TRUE,FALSE,"Changed from positive to negative"
"76561198321972891",TRUE,TRUE,"Remained positive"
"76561198323108553",TRUE,TRUE,"Remained positive"
"76561198323680263",TRUE,FALSE,"Changed from positive to negative"
"76561198324100637",FALSE,FALSE,"Remained negative"
"76561198324400163",TRUE,TRUE,"Remained positive"
"76561198324510942",TRUE,TRUE,"Remained positive"
"76561198324746176",TRUE,TRUE,"Remained positive"
"76561198324977617",FALSE,FALSE,"Remained negative"
"76561198325146800",TRUE,TRUE,"Remained positive"
"76561198325747452",TRUE,FALSE,"Changed from positive to negative"
"76561198326743866",TRUE,FALSE,"Changed from positive to negative"
"76561198327688346",TRUE,FALSE,"Changed from positive to negative"
"76561198328364211",TRUE,FALSE,"Changed from positive to negative"
"76561198329734987",TRUE,TRUE,"Remained positive"
"76561198330214466",TRUE,TRUE,"Remained positive"
"76561198330935317",TRUE,TRUE,"Remained positive"
"76561198330988969",TRUE,FALSE,"Changed from positive to negative"
"76561198331106654",TRUE,TRUE,"Remained positive"
"76561198332204531",TRUE,TRUE,"Remained positive"
"76561198333197316",FALSE,FALSE,"Remained negative"
"76561198333646543",FALSE,FALSE,"Remained negative"
"76561198334006846",TRUE,TRUE,"Remained positive"
"76561198334241711",TRUE,FALSE,"Changed from positive to negative"
"76561198334528604",TRUE,FALSE,"Changed from positive to negative"
"76561198335754086",TRUE,TRUE,"Remained positive"
"76561198336055933",FALSE,FALSE,"Remained negative"
"76561198336888449",TRUE,TRUE,"Remained positive"
"76561198336969761",TRUE,FALSE,"Changed from positive to negative"
"76561198337658260",TRUE,TRUE,"Remained positive"
"76561198338435180",TRUE,TRUE,"Remained positive"
"76561198338755372",TRUE,TRUE,"Remained positive"
"76561198340516929",TRUE,FALSE,"Changed from positive to negative"
"76561198341493769",TRUE,TRUE,"Remained positive"
"76561198342142479",FALSE,FALSE,"Remained negative"
"76561198342775813",TRUE,TRUE,"Remained positive"
"76561198344042142",TRUE,TRUE,"Remained positive"
"76561198344816101",TRUE,TRUE,"Remained positive"
"76561198345585704",FALSE,TRUE,"Changed from negative to positive"
"76561198345909307",TRUE,FALSE,"Changed from positive to negative"
"76561198345912458",TRUE,FALSE,"Changed from positive to negative"
"76561198345992641",FALSE,FALSE,"Remained negative"
"76561198346148399",TRUE,FALSE,"Changed from positive to negative"
"76561198346892826",TRUE,TRUE,"Remained positive"
"76561198347100293",TRUE,TRUE,"Remained positive"
"76561198348133468",TRUE,FALSE,"Changed from positive to negative"
"76561198349772691",TRUE,TRUE,"Remained positive"
"76561198350487985",FALSE,FALSE,"Remained negative"
"76561198350722036",TRUE,TRUE,"Remained positive"
"76561198351174497",TRUE,FALSE,"Changed from positive to negative"
"76561198351764556",TRUE,TRUE,"Remained positive"
"76561198352744111",TRUE,TRUE,"Remained positive"
"76561198353350602",TRUE,TRUE,"Remained positive"
"76561198353592396",TRUE,TRUE,"Remained positive"
"76561198353917588",TRUE,TRUE,"Remained positive"
"76561198355046991",TRUE,FALSE,"Changed from positive to negative"
"76561198355476528",TRUE,TRUE,"Remained positive"
"76561198355711350",TRUE,TRUE,"Remained positive"
"76561198357616397",TRUE,TRUE,"Remained positive"
"76561198357620108",TRUE,FALSE,"Changed from positive to negative"
"76561198358330459",TRUE,FALSE,"Changed from positive to negative"
"76561198358332988",TRUE,FALSE,"Changed from positive to negative"
"76561198358904608",TRUE,TRUE,"Remained positive"
"76561198360041088",TRUE,FALSE,"Changed from positive to negative"
"76561198360656524",TRUE,FALSE,"Changed from positive to negative"
"76561198361505952",TRUE,FALSE,"Changed from positive to negative"
"76561198361846591",TRUE,TRUE,"Remained positive"
"76561198362444935",TRUE,TRUE,"Remained positive"
"76561198363501921",TRUE,FALSE,"Changed from positive to negative"
"76561198363629098",TRUE,FALSE,"Changed from positive to negative"
"76561198363926110",FALSE,FALSE,"Remained negative"
"76561198364330443",TRUE,FALSE,"Changed from positive to negative"
"76561198367435534",TRUE,FALSE,"Changed from positive to negative"
"76561198367668617",TRUE,TRUE,"Remained positive"
"76561198368772600",TRUE,TRUE,"Remained positive"
"76561198369781738",TRUE,FALSE,"Changed from positive to negative"
"76561198370234377",TRUE,TRUE,"Remained positive"
"76561198370483088",TRUE,FALSE,"Changed from positive to negative"
"76561198370827561",TRUE,FALSE,"Changed from positive to negative"
"76561198372600645",FALSE,FALSE,"Remained negative"
"76561198372643952",FALSE,FALSE,"Remained negative"
"76561198373204659",TRUE,TRUE,"Remained positive"
"76561198373572650",TRUE,TRUE,"Remained positive"
"76561198373693740",FALSE,FALSE,"Remained negative"
"76561198375326135",TRUE,TRUE,"Remained positive"
"76561198377084745",FALSE,FALSE,"Remained negative"
"76561198378826215",FALSE,FALSE,"Remained negative"
"76561198379134973",TRUE,TRUE,"Remained positive"
"76561198380011255",TRUE,TRUE,"Remained positive"
"76561198381460213",TRUE,FALSE,"Changed from positive to negative"
"76561198381834503",TRUE,FALSE,"Changed from positive to negative"
"76561198383887117",TRUE,FALSE,"Changed from positive to negative"
"76561198383985836",TRUE,FALSE,"Changed from positive to negative"
"76561198384264430",TRUE,FALSE,"Changed from positive to negative"
"76561198388788317",FALSE,FALSE,"Remained negative"
"76561198389836888",TRUE,TRUE,"Remained positive"
"76561198390814002",FALSE,FALSE,"Remained negative"
"76561198391269839",TRUE,TRUE,"Remained positive"
"76561198391885692",TRUE,TRUE,"Remained positive"
"76561198391911987",TRUE,FALSE,"Changed from positive to negative"
"76561198392062081",TRUE,FALSE,"Changed from positive to negative"
"76561198392425734",TRUE,TRUE,"Remained positive"
"76561198392495941",TRUE,FALSE,"Changed from positive to negative"
"76561198393117534",TRUE,TRUE,"Remained positive"
"76561198393357888",TRUE,TRUE,"Remained positive"
"76561198394444469",TRUE,TRUE,"Remained positive"
"76561198395178322",TRUE,FALSE,"Changed from positive to negative"
"76561198397145860",TRUE,TRUE,"Remained positive"
"76561198398933197",TRUE,FALSE,"Changed from positive to negative"
"76561198399431551",FALSE,FALSE,"Remained negative"
"76561198399736805",TRUE,TRUE,"Remained positive"
"76561198400691487",TRUE,TRUE,"Remained positive"
"76561198402046176",TRUE,FALSE,"Changed from positive to negative"
"76561198402320681",TRUE,TRUE,"Remained positive"
"76561198403145842",TRUE,TRUE,"Remained positive"
"76561198405254752",TRUE,FALSE,"Changed from positive to negative"
"76561198405710861",FALSE,FALSE,"Remained negative"
"76561198408351106",TRUE,FALSE,"Changed from positive to negative"
"76561198410650471",TRUE,FALSE,"Changed from positive to negative"
"76561198411633924",TRUE,TRUE,"Remained positive"
"76561198412024654",TRUE,TRUE,"Remained positive"
"76561198412052245",TRUE,TRUE,"Remained positive"
"76561198413244554",TRUE,FALSE,"Changed from positive to negative"
"76561198413706449",FALSE,FALSE,"Remained negative"
"76561198413744752",TRUE,FALSE,"Changed from positive to negative"
"76561198414089116",FALSE,FALSE,"Remained negative"
"76561198415239911",TRUE,TRUE,"Remained positive"
"76561198416055032",FALSE,FALSE,"Remained negative"
"76561198418420096",TRUE,TRUE,"Remained positive"
"76561198418752451",TRUE,TRUE,"Remained positive"
"76561198419771088",FALSE,FALSE,"Remained negative"
"76561198421739347",TRUE,FALSE,"Changed from positive to negative"
"76561198424022170",TRUE,TRUE,"Remained positive"
"76561198426053536",FALSE,FALSE,"Remained negative"
"76561198427012400",TRUE,FALSE,"Changed from positive to negative"
"76561198427911257",FALSE,FALSE,"Remained negative"
"76561198429825642",TRUE,FALSE,"Changed from positive to negative"
"76561198432881942",FALSE,FALSE,"Remained negative"
"76561198434470403",TRUE,TRUE,"Remained positive"
"76561198434671800",TRUE,FALSE,"Changed from positive to negative"
"76561198435757632",TRUE,TRUE,"Remained positive"
"76561198437116049",TRUE,FALSE,"Changed from positive to negative"
"76561198438190580",TRUE,TRUE,"Remained positive"
"76561198438531774",TRUE,FALSE,"Changed from positive to negative"
"76561198439191851",TRUE,TRUE,"Remained positive"
"76561198439329243",TRUE,FALSE,"Changed from positive to negative"
"76561198439398518",TRUE,TRUE,"Remained positive"
"76561198439656814",TRUE,TRUE,"Remained positive"
"76561198440570186",TRUE,TRUE,"Remained positive"
"76561198444863519",FALSE,FALSE,"Remained negative"
"76561198446998088",FALSE,FALSE,"Remained negative"
"76561198449375621",FALSE,FALSE,"Remained negative"
"76561198449713426",TRUE,FALSE,"Changed from positive to negative"
"76561198451048171",FALSE,FALSE,"Remained negative"
"76561198451837525",TRUE,FALSE,"Changed from positive to negative"
"76561198451917026",TRUE,TRUE,"Remained positive"
"76561198452253969",TRUE,TRUE,"Remained positive"
"76561198453154131",TRUE,TRUE,"Remained positive"
"76561198516263151",TRUE,FALSE,"Changed from positive to negative"
"76561198772986602",TRUE,FALSE,"Changed from positive to negative"
"76561198796622961",TRUE,TRUE,"Remained positive"
"76561198796817180",TRUE,TRUE,"Remained positive"
"76561198798946879",TRUE,TRUE,"Remained positive"
"76561198799039718",TRUE,FALSE,"Changed from positive to negative"
"76561198799822271",TRUE,FALSE,"Changed from positive to negative"
"76561198799982393",TRUE,TRUE,"Remained positive"
"76561198799982661",TRUE,TRUE,"Remained positive"
"76561198800187144",FALSE,FALSE,"Remained negative"
"76561198800630591",TRUE,FALSE,"Changed from positive to negative"
"76561198800633967",TRUE,FALSE,"Changed from positive to negative"
"76561198801054208",TRUE,TRUE,"Remained positive"
"76561198802068479",FALSE,TRUE,"Changed from negative to positive"
"76561198804947771",TRUE,FALSE,"Changed from positive to negative"
"76561198807810412",TRUE,TRUE,"Remained positive"
"76561198808104247",TRUE,FALSE,"Changed from positive to negative"
"76561198808750169",TRUE,FALSE,"Changed from positive to negative"
"76561198810851282",TRUE,TRUE,"Remained positive"
"76561198811288995",TRUE,FALSE,"Changed from positive to negative"
"76561198811477434",TRUE,TRUE,"Remained positive"
"76561198812372199",TRUE,TRUE,"Remained positive"
"76561198816186912",TRUE,TRUE,"Remained positive"
"76561198817913127",TRUE,TRUE,"Remained positive"
"76561198818254437",TRUE,TRUE,"Remained positive"
"76561198821845887",TRUE,TRUE,"Remained positive"
"76561198822523147",TRUE,TRUE,"Remained positive"
"76561198823126801",FALSE,FALSE,"Remained negative"
"76561198826355995",TRUE,FALSE,"Changed from positive to negative"
"76561198827455461",TRUE,TRUE,"Remained positive"
"76561198828149677",TRUE,TRUE,"Remained positive"
"76561198828660904",TRUE,TRUE,"Remained positive"
"76561198829023145",TRUE,TRUE,"Remained positive"
"76561198830327921",TRUE,TRUE,"Remained positive"
"76561198834328617",TRUE,FALSE,"Changed from positive to negative"
"76561198834533497",TRUE,FALSE,"Changed from positive to negative"
"76561198835780021",TRUE,FALSE,"Changed from positive to negative"
"76561198837026379",TRUE,FALSE,"Changed from positive to negative"
"76561198837764242",TRUE,FALSE,"Changed from positive to negative"
"76561198837804028",TRUE,FALSE,"Changed from positive to negative"
"76561198838095959",FALSE,FALSE,"Remained negative"
"76561198840972437",TRUE,TRUE,"Remained positive"
"76561198841248119",TRUE,TRUE,"Remained positive"
"76561198841263655",TRUE,FALSE,"Changed from positive to negative"
"76561198841263805",FALSE,FALSE,"Remained negative"
"76561198842310014",TRUE,TRUE,"Remained positive"
"76561198842485401",TRUE,FALSE,"Changed from positive to negative"
"76561198842907419",TRUE,FALSE,"Changed from positive to negative"
"76561198843243063",TRUE,TRUE,"Remained positive"
"76561198843908541",TRUE,TRUE,"Remained positive"
"76561198843918388",TRUE,TRUE,"Remained positive"
"76561198843922292",TRUE,TRUE,"Remained positive"
"76561198844212597",FALSE,TRUE,"Changed from negative to positive"
"76561198845398870",TRUE,TRUE,"Remained positive"
"76561198848499788",TRUE,TRUE,"Remained positive"
"76561198848628657",FALSE,FALSE,"Remained negative"
"76561198848844004",TRUE,FALSE,"Changed from positive to negative"
"76561198849522938",TRUE,TRUE,"Remained positive"
"76561198850276522",TRUE,FALSE,"Changed from positive to negative"
"76561198850902808",TRUE,TRUE,"Remained positive"
"76561198851234006",TRUE,TRUE,"Remained positive"
"76561198851525069",TRUE,TRUE,"Remained positive"
"76561198852913039",TRUE,FALSE,"Changed from positive to negative"
"76561198854385219",TRUE,TRUE,"Remained positive"
"76561198854396143",TRUE,TRUE,"Remained positive"
"76561198855859176",TRUE,TRUE,"Remained positive"
"76561198859279791",TRUE,FALSE,"Changed from positive to negative"
"76561198861009733",TRUE,TRUE,"Remained positive"
"76561198861314458",FALSE,FALSE,"Remained negative"
"76561198861377999",FALSE,FALSE,"Remained negative"
"76561198861735016",TRUE,FALSE,"Changed from positive to negative"
"76561198861940188",FALSE,FALSE,"Remained negative"
"76561198863037493",FALSE,FALSE,"Remained negative"
"76561198863758536",TRUE,TRUE,"Remained positive"
"76561198863863305",TRUE,FALSE,"Changed from positive to negative"
"76561198864696938",TRUE,FALSE,"Changed from positive to negative"
"76561198865645438",TRUE,FALSE,"Changed from positive to negative"
"76561198865814735",TRUE,TRUE,"Remained positive"
"76561198865849874",TRUE,TRUE,"Remained positive"
"76561198866913291",FALSE,FALSE,"Remained negative"
"76561198868864996",TRUE,FALSE,"Changed from positive to negative"
"76561198870497516",TRUE,FALSE,"Changed from positive to negative"
"76561198870770681",FALSE,FALSE,"Remained negative"
"76561198872413667",TRUE,TRUE,"Remained positive"
"76561198873858009",TRUE,FALSE,"Changed from positive to negative"
"76561198874693819",FALSE,FALSE,"Remained negative"
"76561198879648504",TRUE,TRUE,"Remained positive"
"76561198881039203",TRUE,TRUE,"Remained positive"
"76561198882785756",TRUE,TRUE,"Remained positive"
"76561198887351271",TRUE,TRUE,"Remained positive"
"76561198893371184",TRUE,TRUE,"Remained positive"
"76561198895951331",TRUE,FALSE,"Changed from positive to negative"
"76561198897743417",TRUE,TRUE,"Remained positive"
"76561198903597041",TRUE,FALSE,"Changed from positive to negative"
"76561198903795979",TRUE,TRUE,"Remained positive"
"76561198927159102",TRUE,TRUE,"Remained positive"
"76561198927685997",TRUE,TRUE,"Remained positive"
"76561198943675553",TRUE,TRUE,"Remained positive"
"76561198946901126",TRUE,FALSE,"Changed from positive to negative"
"76561198946922477",FALSE,FALSE,"Remained negative"
"76561198951088641",TRUE,TRUE,"Remained positive"
"76561198953460472",TRUE,TRUE,"Remained positive"
"76561198956665246",TRUE,FALSE,"Changed from positive to negative"
"76561198957850959",TRUE,TRUE,"Remained positive"
"76561198958875329",TRUE,FALSE,"Changed from positive to negative"
"76561198962238240",TRUE,TRUE,"Remained positive"
"76561198966177534",TRUE,FALSE,"Changed from positive to negative"
"76561198967139191",TRUE,FALSE,"Changed from positive to negative"
"76561198967274989",TRUE,TRUE,"Remained positive"
"76561198969459050",TRUE,TRUE,"Remained positive"
"76561198973836399",TRUE,FALSE,"Changed from positive to negative"
"76561198974873120",TRUE,TRUE,"Remained positive"
"76561198975049213",TRUE,FALSE,"Changed from positive to negative"
"76561198975736914",FALSE,FALSE,"Remained negative"
"76561198976136037",FALSE,FALSE,"Remained negative"
"76561198976621757",TRUE,FALSE,"Changed from positive to negative"
"76561198979519818",TRUE,TRUE,"Remained positive"
"76561198980809997",FALSE,TRUE,"Changed from negative to positive"
"76561198980979255",TRUE,FALSE,"Changed from positive to negative"
"76561198981423055",FALSE,FALSE,"Remained negative"
"76561198981528810",TRUE,FALSE,"Changed from positive to negative"
"76561198982696785",TRUE,FALSE,"Changed from positive to negative"
"76561198983029762",TRUE,FALSE,"Changed from positive to negative"
"76561198983357709",TRUE,TRUE,"Remained positive"
"76561198983443014",TRUE,FALSE,"Changed from positive to negative"
"76561198992326316",TRUE,FALSE,"Changed from positive to negative"
"76561198992526246",TRUE,FALSE,"Changed from positive to negative"
"76561198993899117",TRUE,FALSE,"Changed from positive to negative"
"76561198995258997",TRUE,TRUE,"Remained positive"
"76561198999287693",FALSE,TRUE,"Changed from negative to positive"
"76561199001093916",TRUE,FALSE,"Changed from positive to negative"
"76561199003493665",TRUE,TRUE,"Remained positive"
"76561199004047552",TRUE,FALSE,"Changed from positive to negative"
"76561199004118636",FALSE,FALSE,"Remained negative"
"76561199005231314",TRUE,TRUE,"Remained positive"
"76561199007537831",TRUE,FALSE,"Changed from positive to negative"
"76561199008271531",TRUE,TRUE,"Remained positive"
"76561199009498731",TRUE,TRUE,"Remained positive"
"76561199013276085",TRUE,TRUE,"Remained positive"
"76561199016438648",TRUE,TRUE,"Remained positive"
"76561199019709106",TRUE,TRUE,"Remained positive"
"76561199021052533",TRUE,TRUE,"Remained positive"
"76561199022604147",TRUE,TRUE,"Remained positive"
"76561199022936468",TRUE,TRUE,"Remained positive"
"76561199029152957",TRUE,FALSE,"Changed from positive to negative"
"76561199029876363",TRUE,TRUE,"Remained positive"
"76561199033556037",TRUE,FALSE,"Changed from positive to negative"
"76561199035477815",TRUE,TRUE,"Remained positive"
"76561199035527698",TRUE,TRUE,"Remained positive"
"76561199035973215",TRUE,FALSE,"Changed from positive to negative"
"76561199037691640",TRUE,TRUE,"Remained positive"
"76561199041116325",TRUE,TRUE,"Remained positive"
"76561199042008362",FALSE,FALSE,"Remained negative"
"76561199050774919",TRUE,TRUE,"Remained positive"
"76561199052406173",TRUE,TRUE,"Remained positive"
"76561199055690701",TRUE,TRUE,"Remained positive"
"76561199056620606",TRUE,TRUE,"Remained positive"
"76561199058408483",TRUE,TRUE,"Remained positive"
"76561199058837212",TRUE,FALSE,"Changed from positive to negative"
"76561199059077905",TRUE,TRUE,"Remained positive"
"76561199062613778",TRUE,TRUE,"Remained positive"
"76561199062784757",TRUE,TRUE,"Remained positive"
"76561199063088459",TRUE,FALSE,"Changed from positive to negative"
"76561199065933462",TRUE,FALSE,"Changed from positive to negative"
"76561199067955924",TRUE,TRUE,"Remained positive"
"76561199069838697",TRUE,TRUE,"Remained positive"
"76561199069970701",TRUE,FALSE,"Changed from positive to negative"
"76561199071867766",TRUE,TRUE,"Remained positive"
"76561199073968185",TRUE,TRUE,"Remained positive"
"76561199076233904",TRUE,FALSE,"Changed from positive to negative"
"76561199076431366",TRUE,TRUE,"Remained positive"
"76561199076556657",TRUE,TRUE,"Remained positive"
"76561199077614569",TRUE,FALSE,"Changed from positive to negative"
"76561199077634107",TRUE,TRUE,"Remained positive"
"76561199078645521",TRUE,TRUE,"Remained positive"
"76561199084161284",TRUE,TRUE,"Remained positive"
"76561199086394101",TRUE,TRUE,"Remained positive"
"76561199087872994",TRUE,FALSE,"Changed from positive to negative"
"76561199091569529",FALSE,FALSE,"Remained negative"
"76561199097038090",TRUE,TRUE,"Remained positive"
"76561199107174950",TRUE,TRUE,"Remained positive"
"76561199111280907",TRUE,FALSE,"Changed from positive to negative"
"76561199117473000",TRUE,FALSE,"Changed from positive to negative"
"76561199121782358",TRUE,TRUE,"Remained positive"
"76561199124254253",TRUE,TRUE,"Remained positive"
"76561199127865825",TRUE,FALSE,"Changed from positive to negative"
"76561199135795874",TRUE,TRUE,"Remained positive"
"76561199142710684",TRUE,TRUE,"Remained positive"
"76561199162650769",TRUE,TRUE,"Remained positive"
"76561199186505260",TRUE,FALSE,"Changed from positive to negative"
"76561199202759317",TRUE,TRUE,"Remained positive"
"76561199211770071",TRUE,TRUE,"Remained positive"
"76561199214030022",TRUE,FALSE,"Changed from positive to negative"
"76561199214600849",TRUE,FALSE,"Changed from positive to negative"
"76561199221828445",FALSE,FALSE,"Remained negative"
"76561199229917579",TRUE,FALSE,"Changed from positive to negative"
"76561199230647392",TRUE,TRUE,"Remained positive"
"76561199239403696",TRUE,TRUE,"Remained positive"
